co_ppm,o3_ppb,no2_ppb,temperature,humidity,pm1,pm25,pm10,pm1_label,pm25_label,pm10_label,no2_label,o3_label,co_label,temperature_label,humidity_label,label_sum,risk_label
3.705689,10.0,8.413441,31.7,50,20,29,29,1,0,0,0,0,1,1,0,3,0
3.743311,10.0,8.08015,31.9,50,20,29,29,1,0,0,0,0,1,1,0,3,0
3.689696,10.0,8.443026,31.9,49,20,29,29,1,0,0,0,0,1,1,0,3,0
3.652678,10.0,8.592427,31.9,49,19,28,28,1,0,0,0,0,1,1,0,3,0
3.595344,10.0,8.86767,31.8,49,19,28,28,1,0,0,0,0,1,1,0,3,0
3.595344,10.0,8.898762,31.8,49,20,29,29,1,0,0,0,0,1,1,0,3,0
3.574745,10.0,8.945597,31.8,50,20,28,28,1,0,0,0,0,1,1,0,3,0
3.579883,10.0,8.86767,31.7,50,20,28,28,1,0,0,0,0,1,1,0,3,0
3.574745,10.0,8.713742,31.7,50,20,28,28,1,0,0,0,0,1,1,0,3,0
3.528877,10.0,8.992666,31.6,50,19,28,30,1,0,0,0,0,1,1,0,3,0
3.498661,10.0,9.00841,31.5,50,19,29,30,1,0,0,0,0,1,1,0,3,0
3.513733,10.0,8.945597,31.4,50,19,29,30,1,0,0,0,0,1,1,0,3,0
3.493653,10.0,9.215465,31.3,50,19,29,30,1,0,0,0,0,1,1,0,3,0
3.5087,10.0,8.976951,31.2,50,19,29,30,1,0,0,0,0,1,1,0,3,0
3.463772,10.0,9.151278,31.1,51,21,32,33,1,1,0,0,0,1,1,0,4,1
3.468732,10.0,9.087513,31.0,51,20,29,31,1,0,0,0,0,1,1,0,3,0
3.453874,10.0,9.231577,30.9,51,20,29,31,1,0,0,0,0,1,1,0,3,0
3.4737,10.0,9.151278,30.9,51,20,29,32,1,0,0,0,0,1,1,0,3,0
3.448937,10.0,9.039973,30.8,51,20,29,32,1,0,0,0,0,1,1,0,3,0
3.429267,10.0,9.280083,30.7,51,19,28,30,1,0,0,0,0,1,1,0,3,0
3.42437,10.0,9.377822,30.7,52,19,28,30,1,0,0,0,0,1,1,0,3,0
3.444009,10.0,9.410623,30.6,52,20,28,28,1,0,0,0,0,1,1,0,3,0
3.483661,10.0,9.183317,30.6,52,20,28,28,1,0,0,0,0,1,1,0,3,0
3.488653,10.0,9.183317,30.6,52,19,29,30,1,0,0,0,0,1,1,0,3,0
3.4737,10.0,9.215465,30.6,52,19,29,30,1,0,0,0,0,1,1,0,3,0
3.444009,10.0,9.215465,30.5,52,20,30,31,1,1,0,0,0,1,1,0,4,1
3.444009,10.0,9.199377,30.5,52,20,30,31,1,1,0,0,0,1,1,0,4,1
3.419479,10.0,9.215465,30.4,52,19,29,30,1,0,0,0,0,1,1,0,3,0
3.42437,10.0,9.443531,30.4,52,19,29,30,1,0,0,0,0,1,1,0,3,0
3.434173,10.0,9.361465,30.4,53,19,27,28,1,0,0,0,0,1,1,0,3,0
3.453874,10.0,9.345133,30.3,53,19,27,29,1,0,0,0,0,1,1,0,3,0
3.488653,10.0,9.183317,30.3,53,19,27,29,1,0,0,0,0,1,1,0,3,0
3.4737,10.0,9.443531,30.3,53,21,30,30,1,1,0,0,0,1,1,0,4,1
3.468732,10.0,9.183317,30.3,53,21,30,30,1,1,0,0,0,1,1,0,4,1
3.444009,10.0,8.961261,30.3,53,21,30,31,1,1,0,0,0,1,1,0,4,1
3.458819,10.0,9.039973,30.3,53,21,30,31,1,1,0,0,0,1,1,0,4,1
3.448937,10.0,9.215465,30.3,53,20,30,31,1,1,0,0,0,1,1,0,4,1
3.429267,10.0,9.345133,30.2,53,20,31,34,1,1,0,0,0,1,1,0,4,1
3.463772,10.0,9.183317,30.2,53,20,31,34,1,1,0,0,0,1,1,0,4,1
3.429267,10.0,9.312554,30.2,53,21,31,33,1,1,0,0,0,1,1,0,4,1
3.444009,10.0,9.460031,30.2,53,21,31,33,1,1,0,0,0,1,1,0,4,1
3.498661,10.0,9.103414,30.2,53,21,30,31,1,1,0,0,0,1,1,0,4,1
3.503676,10.0,9.231577,30.2,53,21,30,31,1,1,0,0,0,1,1,0,4,1
3.493653,10.0,9.167283,30.2,54,21,30,31,1,1,0,0,0,1,1,0,4,1
3.488653,10.0,9.135297,30.2,54,20,29,32,1,0,0,0,0,1,1,0,3,0
3.498661,10.0,9.199377,30.1,54,20,29,32,1,0,0,0,0,1,1,0,3,0
3.493653,10.0,9.151278,30.1,54,20,30,32,1,1,0,0,0,1,1,0,4,1
3.53394,10.0,9.231577,30.1,54,20,30,32,1,1,0,0,0,1,1,0,4,1
3.585028,10.0,8.836679,30.0,54,19,29,32,1,0,0,0,0,1,1,0,3,0
3.579883,10.0,9.215465,30.0,54,20,30,33,1,1,0,0,0,1,1,0,4,1
3.585028,10.0,9.151278,30.0,54,20,30,34,1,1,0,0,0,1,1,0,4,1
3.616076,10.0,9.039973,30.0,54,19,31,33,1,1,0,0,0,1,1,0,4,1
3.590181,10.0,9.296304,29.9,54,19,31,32,1,1,0,0,0,1,1,0,4,1
3.605693,10.0,9.24772,29.9,54,20,30,32,1,1,0,0,0,1,1,0,4,1
3.616076,10.0,9.119339,29.9,54,20,30,32,1,1,0,0,0,1,1,0,4,1
3.647425,10.0,9.087513,29.9,54,19,29,31,1,0,0,0,0,1,1,0,3,0
3.616076,10.0,9.280083,29.9,54,19,27,28,1,0,0,0,0,1,1,0,3,0
3.631712,10.0,9.231577,29.9,54,19,27,28,1,0,0,0,0,1,1,0,3,0
3.663211,10.0,9.103414,29.9,54,19,27,28,1,0,0,0,0,1,1,0,3,0
3.631712,10.0,9.231577,29.9,54,19,31,32,1,1,0,0,0,1,1,0,4,1
3.595344,10.0,9.24772,29.9,54,19,31,33,1,1,0,0,0,1,1,0,4,1
3.642178,10.0,9.167283,29.8,54,20,32,34,1,1,0,0,0,1,1,0,4,1
3.636941,10.0,9.183317,29.8,54,19,29,30,1,0,0,0,0,1,1,0,3,0
3.673779,10.0,8.929958,29.8,54,19,29,29,1,0,0,0,0,1,1,0,3,0
3.65794,10.0,8.961261,29.8,54,20,29,29,1,0,0,0,0,1,1,0,3,0
3.616076,10.0,9.215465,29.8,54,20,29,29,1,0,0,0,0,1,1,0,3,0
3.631712,10.0,9.103414,29.8,54,21,30,32,1,1,0,0,0,1,1,0,4,1
3.626492,10.0,9.119339,29.8,54,21,30,32,1,1,0,0,0,1,1,0,4,1
3.679076,10.0,9.167283,29.8,54,20,29,30,1,0,0,0,0,1,1,0,3,0
3.647425,10.0,9.167283,29.8,54,20,29,30,1,0,0,0,0,1,1,0,3,0
3.652678,10.0,9.199377,29.8,54,21,30,31,1,1,0,0,0,1,1,0,4,1
3.616076,10.0,9.183317,29.9,54,21,29,31,1,0,0,0,0,1,1,0,3,0
3.684382,10.0,9.119339,29.9,54,22,30,32,1,1,0,0,0,1,1,0,4,1
3.663211,10.0,9.151278,29.9,54,20,29,33,1,0,0,0,0,1,1,0,3,0
3.673779,10.0,9.055792,29.9,54,21,30,34,1,1,0,0,0,1,1,0,4,1
3.700349,10.0,8.945597,29.8,54,21,30,34,1,1,0,0,0,1,1,0,4,1
3.695019,10.0,8.790385,29.8,54,20,30,32,1,1,0,0,0,1,1,0,4,1
3.673779,10.0,9.024178,29.8,54,20,30,32,1,1,0,0,0,1,1,0,4,1
3.684382,10.0,9.024178,29.8,54,20,30,32,1,1,0,0,0,1,1,0,4,1
3.668492,10.0,8.914349,29.8,54,19,29,30,1,0,0,0,0,1,1,0,3,0
3.700349,10.0,8.698488,29.8,54,20,32,33,1,1,0,0,0,1,1,0,4,1
3.679076,10.0,8.698488,29.8,55,20,31,32,1,1,0,0,0,1,1,0,4,1
3.695019,10.0,8.80579,29.8,55,20,31,32,1,1,0,0,0,1,1,0,4,1
3.663211,10.0,8.945597,29.8,55,20,29,29,1,0,0,0,0,1,1,0,3,0
3.668492,10.0,8.976951,29.8,55,19,29,29,1,0,0,0,0,1,1,0,3,0
3.727135,10.0,8.836679,29.8,55,19,29,29,1,0,0,0,0,1,1,0,3,0
3.668492,10.0,8.914349,29.9,55,20,27,30,1,0,0,0,0,1,1,0,3,0
3.668492,10.0,8.457853,29.9,55,21,30,33,1,1,0,0,0,1,1,0,4,1
3.689696,10.0,8.369247,29.9,54,21,30,33,1,1,0,0,0,1,1,0,4,1
3.721761,10.0,8.223506,29.9,54,20,30,33,1,1,0,0,0,1,1,0,4,1
3.748721,10.0,8.137208,29.9,54,19,29,32,1,0,0,0,0,1,1,0,3,0
3.748721,10.0,8.137208,29.9,54,19,29,32,1,0,0,0,0,1,1,0,3,0
3.781363,10.0,8.037601,29.9,54,20,29,30,1,0,0,0,0,1,1,0,3,0
3.797805,10.0,7.995262,29.9,54,19,28,29,1,0,0,0,0,1,1,0,3,0
3.825386,10.0,8.009352,30.0,54,19,29,30,1,0,0,0,0,1,1,0,3,0
3.83093,10.0,7.911207,30.0,54,20,30,30,1,1,0,0,0,1,1,0,4,1
3.814327,10.0,8.037601,30.0,54,19,29,29,1,0,0,0,0,1,1,0,3,0
3.825386,10.0,8.009352,30.0,54,19,29,29,1,0,0,0,0,1,1,0,3,0
3.847616,10.0,7.855629,30.0,54,21,29,30,1,0,0,0,0,1,1,0,3,0
3.83093,10.0,7.995262,30.1,54,21,29,30,1,0,0,0,0,1,1,0,3,0
3.858784,10.0,7.841792,30.1,54,21,29,30,1,0,0,0,0,1,1,0,3,0
3.825386,10.0,7.995262,30.1,54,20,28,30,1,0,0,0,0,1,1,0,3,0
3.836483,10.0,7.855629,30.1,54,20,28,30,1,0,0,0,0,1,1,0,3,0
3.853196,10.0,7.583144,30.1,54,18,26,27,1,0,0,0,0,1,1,0,3,0
3.836483,10.0,7.897277,30.1,54,19,27,28,1,0,0,0,0,1,1,0,3,0
3.847616,10.0,7.827978,30.1,54,20,27,28,1,0,0,0,0,1,1,0,3,0
3.842045,10.0,7.841792,30.1,54,19,26,27,1,0,0,0,0,1,1,0,3,0
3.836483,10.0,7.897277,30.1,54,19,27,27,1,0,0,0,0,1,1,0,3,0
3.842045,10.0,7.925158,30.1,54,19,27,27,1,0,0,0,0,1,1,0,3,0
3.853196,10.0,7.772944,30.1,54,20,29,29,1,0,0,0,0,1,1,0,3,0
3.864383,10.0,7.814186,30.2,54,20,29,29,1,0,0,0,0,1,1,0,3,0
3.836483,10.0,7.476625,30.2,54,20,30,30,1,1,0,0,0,1,1,0,4,1
3.869991,10.0,7.800416,30.2,54,19,29,29,1,0,0,0,0,1,1,0,3,0
3.836483,10.0,7.569753,30.2,54,19,29,31,1,0,0,0,0,1,1,0,3,0
3.853196,10.0,7.786668,30.2,54,20,30,31,1,1,0,0,0,1,1,0,4,1
3.842045,10.0,7.855629,30.2,54,20,30,31,1,1,0,0,0,1,1,0,4,1
3.836483,10.0,7.897277,30.2,54,21,30,32,1,1,0,0,0,1,1,0,4,1
3.825386,10.0,7.925158,30.3,54,22,30,32,1,1,0,0,0,1,1,0,4,1
3.825386,10.0,7.925158,30.3,54,21,30,31,1,1,0,0,0,1,1,0,4,1
3.836483,10.0,7.897277,30.3,54,21,30,31,1,1,0,0,0,1,1,0,4,1
3.80881,10.0,7.967153,30.3,54,21,30,31,1,1,0,0,0,1,1,0,4,1
3.803303,10.0,7.869489,30.3,54,20,30,31,1,1,0,0,0,1,1,0,4,1
3.765002,10.0,7.995262,30.3,54,19,29,30,1,0,0,0,0,1,1,0,3,0
3.786835,10.0,7.869489,30.3,54,19,28,30,1,0,0,0,0,1,1,0,3,0
3.792315,10.0,7.911207,30.4,54,19,29,29,1,0,0,0,0,1,1,0,3,0
3.759566,10.0,7.995262,30.4,54,19,29,29,1,0,0,0,0,1,1,0,3,0
3.748721,10.0,7.855629,30.4,54,19,29,29,1,0,0,0,0,1,1,0,3,0
3.775901,10.0,7.841792,30.4,54,19,29,31,1,0,0,0,0,1,1,0,3,0
3.748721,10.0,7.967153,30.4,54,20,32,34,1,1,0,0,0,1,1,0,4,1
3.748721,10.0,7.967153,30.4,54,20,32,34,1,1,0,0,0,1,1,0,4,1
3.743311,10.0,7.995262,30.4,54,20,32,34,1,1,0,0,0,1,1,0,4,1
3.748721,10.0,7.841792,30.4,54,20,31,34,1,1,0,0,0,1,1,0,4,1
3.759566,10.0,7.869489,30.4,54,20,31,34,1,1,0,0,0,1,1,0,4,1
3.732519,10.0,7.967153,30.5,54,19,29,32,1,0,0,0,0,1,1,0,3,0
3.748721,10.0,7.814186,30.5,54,20,30,32,1,1,0,0,0,1,1,0,4,1
3.748721,10.0,7.759243,30.5,54,19,29,32,1,0,0,0,0,1,1,0,3,0
3.748721,10.0,7.841792,30.5,54,20,29,31,1,0,0,0,0,1,1,0,3,0
3.748721,10.0,7.841792,30.5,54,20,29,31,1,0,0,0,0,1,1,0,3,0
3.743311,10.0,7.939133,30.5,54,20,29,31,1,0,0,0,0,1,1,0,3,0
3.743311,10.0,7.704659,30.5,54,22,30,34,1,1,0,0,0,1,1,0,4,1
3.754139,10.0,7.786668,30.5,54,22,30,33,1,1,0,0,0,1,1,0,4,1
3.743311,10.0,7.995262,30.5,54,22,31,34,1,1,0,0,0,1,1,0,4,1
3.754139,10.0,7.981195,30.5,54,22,31,34,1,1,0,0,0,1,1,0,4,1
3.748721,10.0,7.925158,30.5,53,22,31,34,1,1,0,0,0,1,1,0,4,1
3.759566,10.0,7.827978,30.5,53,21,28,31,1,0,0,0,0,1,1,0,3,0
3.748721,10.0,7.841792,30.5,53,21,28,31,1,0,0,0,0,1,1,0,3,0
3.748721,10.0,7.786668,30.5,53,21,26,29,1,0,0,0,0,1,1,0,3,0
3.748721,10.0,7.841792,30.6,53,21,30,31,1,1,0,0,0,1,1,0,4,1
1.56005,10.0,8.652883,31.0,51,25,36,43,1,1,0,0,0,0,1,0,3,0
1.553421,10.0,8.759651,31.0,51,25,36,43,1,1,0,0,0,0,1,0,3,0
1.571156,10.0,8.744323,31.0,51,25,35,42,1,1,0,0,0,0,1,0,3,0
1.623184,10.0,8.547346,31.3,51,22,33,36,1,1,0,0,0,0,1,0,3,0
1.630085,10.0,8.369247,31.3,51,23,33,37,1,1,0,0,0,0,1,0,3,0
1.630085,10.0,8.354565,31.3,51,22,34,38,1,1,0,0,0,0,1,0,3,0
1.634702,10.0,8.413441,31.3,51,22,32,38,1,1,0,0,0,0,1,0,3,0
1.632392,10.0,8.472709,31.3,51,22,32,38,1,1,0,0,0,0,1,0,3,0
1.627782,10.0,8.472709,31.3,51,23,33,36,1,1,0,0,0,0,1,0,3,0
1.630085,10.0,8.252463,31.3,51,23,33,36,1,1,0,0,0,0,1,0,3,0
1.63933,10.0,8.310662,31.3,51,22,32,36,1,1,0,0,0,0,1,0,3,0
1.623184,10.0,8.457853,31.3,51,23,33,37,1,1,0,0,0,0,1,0,3,0
1.625481,10.0,8.266978,31.3,51,23,35,39,1,1,0,0,0,0,1,0,3,0
1.627782,10.0,8.472709,31.3,51,21,34,38,1,1,0,0,0,0,1,0,3,0
1.623184,10.0,8.487586,31.3,51,21,34,38,1,1,0,0,0,0,1,0,3,0
1.632392,10.0,8.296078,31.3,51,23,32,36,1,1,0,0,0,0,1,0,3,0
1.625481,10.0,8.413441,31.3,51,23,32,36,1,1,0,0,0,0,1,0,3,0
1.632392,10.0,8.428221,31.3,51,22,32,35,1,1,0,0,0,0,1,0,3,0
1.634702,10.0,8.457853,31.3,51,22,32,35,1,1,0,0,0,0,1,0,3,0
1.625481,10.0,8.325274,31.4,51,22,32,35,1,1,0,0,0,0,1,0,3,0
1.632392,10.0,8.296078,31.4,51,24,33,36,1,1,0,0,0,0,1,0,3,0
1.616309,10.0,8.443026,31.4,51,23,32,35,1,1,0,0,0,0,1,0,3,0
1.616309,10.0,8.428221,31.4,51,23,32,36,1,1,0,0,0,0,1,0,3,0
1.616309,10.0,8.413441,31.4,51,22,31,36,1,1,0,0,0,0,1,0,3,0
1.625481,10.0,8.237974,31.5,51,22,32,35,1,1,0,0,0,0,1,0,3,0
1.614023,10.0,8.457853,31.5,51,22,32,35,1,1,0,0,0,0,1,0,3,0
1.620889,10.0,8.209064,31.5,51,23,33,38,1,1,0,0,0,0,1,0,3,0
1.614023,10.0,8.209064,31.5,51,22,32,37,1,1,0,0,0,0,1,0,3,0
1.60491,10.0,8.413441,31.5,51,22,31,37,1,1,0,0,0,0,1,0,3,0
1.60491,10.0,8.18025,31.5,51,22,31,36,1,1,0,0,0,0,1,0,3,0
1.616309,10.0,8.354565,31.5,51,23,32,36,1,1,0,0,0,0,1,0,3,0
1.609461,10.0,8.383954,31.5,51,23,32,36,1,1,0,0,0,0,1,0,3,0
1.607183,10.0,8.428221,31.5,51,21,32,37,1,1,0,0,0,0,1,0,3,0
1.614023,10.0,8.237974,31.5,51,21,32,37,1,1,0,0,0,0,1,0,3,0
1.607183,10.0,8.266978,31.5,50,22,32,36,1,1,0,0,0,0,1,0,3,0
1.598107,10.0,8.354565,31.6,50,22,32,36,1,1,0,0,0,0,1,0,3,0
1.614023,10.0,8.354565,31.6,50,22,32,38,1,1,0,0,0,0,1,0,3,0
1.60491,10.0,8.457853,31.6,50,22,32,38,1,1,0,0,0,0,1,0,3,0
1.602639,10.0,8.383954,31.6,50,22,31,36,1,1,0,0,0,0,1,0,3,0
1.607183,10.0,8.325274,31.6,50,23,32,39,1,1,0,0,0,0,1,0,3,0
1.60491,10.0,8.383954,31.6,50,23,33,39,1,1,0,0,0,0,1,0,3,0
1.591329,10.0,8.369247,31.6,50,22,32,36,1,1,0,0,0,0,1,0,3,0
1.60491,10.0,8.296078,31.6,50,22,32,36,1,1,0,0,0,0,1,0,3,0
1.61174,10.0,6.369128,31.6,50,22,34,38,1,1,0,0,0,0,1,0,3,0
1.672071,10.0,1.734189,31.6,50,22,33,38,1,1,0,0,0,0,1,0,3,0
1.821996,10.0,2.246699,31.6,50,23,33,38,1,1,0,0,0,1,1,0,4,1
1.804169,10.0,3.304731,31.6,50,22,32,35,1,1,0,0,0,1,1,0,4,1
1.769009,10.0,3.08812,31.6,50,21,31,33,1,1,0,0,0,1,1,0,4,1
1.892344,10.0,1.129895,31.6,50,21,31,33,1,1,0,0,0,1,1,0,4,1
1.87649,10.0,2.530977,31.6,50,22,33,35,1,1,0,0,0,1,1,0,4,1
1.83741,10.0,2.836243,31.6,50,21,31,33,1,1,0,0,0,1,1,0,4,1
1.786507,10.0,3.272137,31.6,50,21,31,33,1,1,0,0,0,1,1,0,4,1
1.741838,10.0,3.848179,31.6,50,21,31,35,1,1,0,0,0,0,1,0,3,0
1.741838,10.0,3.968214,31.5,50,22,31,34,1,1,0,0,0,0,1,0,3,0
1.756609,10.0,3.745619,31.5,50,22,31,34,1,1,0,0,0,1,1,0,4,1
1.741838,10.0,4.146188,31.5,50,23,32,36,1,1,0,0,0,0,1,0,3,0
1.741838,10.0,3.953043,31.5,50,22,31,32,1,1,0,0,0,0,1,0,3,0
1.741838,10.0,4.068009,31.5,50,22,32,34,1,1,0,0,0,0,1,0,3,0
1.769009,10.0,3.975817,31.5,50,22,32,36,1,1,0,0,0,1,1,0,4,1
1.749209,10.0,3.975817,31.5,50,22,32,36,1,1,0,0,0,1,1,0,4,1
1.741838,10.0,4.355355,31.5,50,22,32,36,1,1,0,0,0,0,1,0,3,0
3.53394,10.0,3.547208,31.5,50,23,32,34,1,1,0,0,0,1,1,0,4,1
2.164402,10.0,4.265809,31.6,50,23,32,34,1,1,0,0,0,1,1,0,4,1
2.856108,10.0,4.20963,31.6,52,23,32,34,1,1,0,0,0,1,1,0,4,1
2.996383,10.0,4.290076,31.6,53,22,32,34,1,1,0,0,0,1,1,0,4,1
2.17046,10.0,4.908572,31.6,55,22,32,35,1,1,0,0,0,1,1,0,4,1
2.913001,10.0,4.642239,31.6,56,23,33,36,1,1,0,0,0,1,1,1,5,2
2.104734,10.0,5.093322,31.6,57,23,33,36,1,1,0,0,0,1,1,1,5,2
1.998586,10.0,5.197473,31.6,57,22,32,35,1,1,0,0,0,1,1,1,5,2
1.894999,10.0,5.046581,31.6,57,22,31,33,1,1,0,0,0,1,1,1,5,2
1.824556,10.0,4.917671,31.6,55,22,31,34,1,1,0,0,0,1,1,0,4,1
1.786507,10.0,5.074581,31.6,54,22,31,34,1,1,0,0,0,1,1,0,4,1
1.749209,10.0,5.293757,31.5,53,23,33,37,1,1,0,0,0,1,1,0,4,1
1.739388,10.0,5.293757,31.5,52,23,33,37,1,1,0,0,0,0,1,0,3,0
1.724753,10.0,5.245421,31.5,51,23,33,36,1,1,0,0,0,0,1,0,3,0
1.710233,10.0,5.130984,31.4,51,23,32,37,1,1,0,0,0,0,1,0,3,0
1.705419,10.0,5.352268,31.4,51,23,32,37,1,1,0,0,0,0,1,0,3,0
1.693438,10.0,5.411343,31.4,51,22,32,36,1,1,0,0,0,0,1,0,3,0
1.688667,10.0,5.371898,31.4,51,22,31,35,1,1,0,0,0,0,1,0,3,0
1.669712,10.0,5.352268,31.4,51,22,32,36,1,1,0,0,0,0,1,0,3,0
1.667357,10.0,5.342477,31.4,51,21,32,36,1,1,0,0,0,0,1,0,3,0
1.681536,10.0,5.226196,31.4,51,23,35,38,1,1,0,0,0,0,1,0,3,0
1.657966,10.0,5.391588,31.4,51,23,34,37,1,1,0,0,0,0,1,0,3,0
1.653288,10.0,5.401459,31.4,51,23,33,36,1,1,0,0,0,0,1,0,3,0
1.616309,10.0,6.04527,31.3,51,23,33,37,1,1,0,0,0,0,1,0,3,0
1.607183,10.0,6.155241,31.3,51,22,32,34,1,1,0,0,0,0,1,0,3,0
1.602639,10.0,6.144164,31.3,51,22,31,34,1,1,0,0,0,0,1,0,3,0
1.607183,10.0,6.089046,31.3,51,22,31,34,1,1,0,0,0,0,1,0,3,0
1.616309,10.0,6.210896,31.3,51,22,33,38,1,1,0,0,0,0,1,0,3,0
1.614023,10.0,6.255742,31.3,51,22,32,37,1,1,0,0,0,0,1,0,3,0
1.614023,10.0,6.078076,31.3,51,22,32,37,1,1,0,0,0,0,1,0,3,0
1.61174,10.0,6.18858,31.3,51,23,33,36,1,1,0,0,0,0,1,0,3,0
1.598107,10.0,6.346305,31.3,51,23,33,36,1,1,0,0,0,0,1,0,3,0
1.614023,10.0,6.222079,31.3,51,23,32,35,1,1,0,0,0,0,1,0,3,0
1.607183,10.0,6.312206,31.3,51,22,31,33,1,1,0,0,0,0,1,0,3,0
1.602639,10.0,6.199728,31.3,51,22,31,33,1,1,0,0,0,0,1,0,3,0
1.607183,10.0,6.222079,31.3,51,22,31,34,1,1,0,0,0,0,1,0,3,0
1.627782,10.0,6.155241,31.3,51,23,32,35,1,1,0,0,0,0,1,0,3,0
1.614023,10.0,6.289566,31.3,51,22,32,36,1,1,0,0,0,0,1,0,3,0
1.607183,10.0,6.346305,31.3,51,23,34,38,1,1,0,0,0,0,1,0,3,0
1.614023,10.0,6.155241,31.3,51,23,34,38,1,1,0,0,0,0,1,0,3,0
1.627782,10.0,6.18858,31.3,51,23,33,38,1,1,0,0,0,0,1,0,3,0
1.618597,10.0,6.222079,31.3,51,22,33,36,1,1,0,0,0,0,1,0,3,0
1.60491,10.0,6.33492,31.3,51,22,32,35,1,1,0,0,0,0,1,0,3,0
1.60491,10.0,6.300878,31.3,51,22,32,34,1,1,0,0,0,0,1,0,3,0
1.602639,10.0,6.346305,31.3,51,22,32,34,1,1,0,0,0,0,1,0,3,0
1.607183,10.0,6.312206,31.3,51,24,33,36,1,1,0,0,0,0,1,0,3,0
1.616309,10.0,6.255742,31.3,51,24,33,36,1,1,0,0,0,0,1,0,3,0
1.620889,10.0,6.346305,31.4,51,23,33,36,1,1,0,0,0,0,1,0,3,0
1.60491,10.0,6.33492,31.4,51,24,34,38,1,1,0,0,0,0,1,0,3,0
1.61174,10.0,6.312206,31.4,51,23,33,38,1,1,0,0,0,0,1,0,3,0
1.623184,10.0,6.222079,31.4,51,23,33,36,1,1,0,0,0,0,1,0,3,0
1.609461,10.0,6.289566,31.4,51,23,32,35,1,1,0,0,0,0,1,0,3,0
1.607183,10.0,6.369128,31.4,51,22,31,35,1,1,0,0,0,0,1,0,3,0
1.614023,10.0,6.369128,31.4,51,22,32,36,1,1,0,0,0,0,1,0,3,0
1.616309,10.0,6.199728,31.4,51,22,32,36,1,1,0,0,0,0,1,0,3,0
1.620889,10.0,6.369128,31.4,51,23,33,37,1,1,0,0,0,0,1,0,3,0
3.285621,10.0,5.673985,31.4,51,22,33,37,1,1,0,0,0,1,1,0,4,1
5.393787,10.0,5.541298,31.4,51,22,33,37,1,1,0,0,0,1,1,0,4,1
3.786835,10.0,5.663681,31.4,52,22,33,37,1,1,0,0,0,1,1,0,4,1
5.864408,10.0,5.684306,31.4,54,22,33,37,1,1,0,0,0,1,1,0,4,1
4.434632,10.0,5.969335,31.5,57,22,32,34,1,1,0,0,0,1,1,1,5,2
3.337509,10.0,5.725758,31.6,60,22,32,34,1,1,0,0,0,1,1,1,5,2
2.475261,10.0,6.078076,31.8,62,22,31,34,1,1,0,0,0,1,1,1,5,2
2.134362,10.0,6.210896,31.9,62,21,31,34,1,1,0,0,0,1,1,1,5,2
2.015436,10.0,6.357708,32.0,61,22,33,37,1,1,0,0,0,1,2,1,6,2
50.0,10.0,0.629304,28.7,58,31,44,52,1,1,1,0,0,2,1,1,7,2
50.0,10.0,2.212939,28.6,58,30,46,59,1,1,1,0,0,2,1,1,7,2
50.0,10.0,3.437728,28.6,58,33,52,73,1,1,1,0,0,2,1,1,7,2
30.27403,10.0,4.581902,28.6,58,33,52,73,1,1,1,0,0,2,1,1,7,2
16.87611,10.0,5.461007,28.6,58,33,51,72,1,1,1,0,0,2,1,1,7,2
12.13147,10.0,6.210896,28.6,58,33,51,72,1,1,1,0,0,2,1,1,7,2
9.401475,10.0,6.927293,28.7,58,33,51,72,1,1,1,0,0,2,1,1,7,2
7.864585,10.0,7.410753,28.7,58,33,51,71,1,1,1,0,0,1,1,1,6,2
6.75593,10.0,7.841792,28.7,58,34,51,66,1,1,1,0,0,1,1,1,6,2
5.864408,10.0,8.094379,28.7,58,34,52,66,1,1,1,0,0,1,1,1,6,2
5.311741,10.0,8.592427,28.8,58,35,53,66,1,1,1,0,0,1,1,1,6,2
4.813454,10.0,8.775006,28.8,58,35,52,65,1,1,1,0,0,1,1,1,6,2
2.18568,10.0,6.18858,34.4,52,30,44,54,1,1,1,0,0,1,2,0,6,2
2.179579,10.0,6.222079,34.5,52,30,45,54,1,1,1,0,0,1,2,0,6,2
2.158361,10.0,6.177448,34.5,52,30,45,54,1,1,1,0,0,1,2,0,6,2
2.161379,10.0,6.255742,34.6,52,30,44,54,1,1,1,0,0,1,2,0,6,2
2.152336,10.0,6.18858,34.7,51,30,44,54,1,1,1,0,0,1,2,0,6,2
2.137347,10.0,6.222079,34.7,51,30,44,54,1,1,1,0,0,1,2,0,6,2
2.119496,10.0,6.199728,34.8,51,30,45,54,1,1,1,0,0,1,2,0,6,2
2.104734,10.0,6.18858,35.0,50,31,46,56,1,1,1,0,0,1,2,0,6,2
2.078416,10.0,6.155241,35.1,50,30,45,55,1,1,1,0,0,1,2,0,6,2
2.066824,10.0,6.122064,35.2,49,30,46,57,1,1,1,0,0,1,2,0,6,2
2.032425,10.0,6.300878,35.2,49,30,45,54,1,1,1,0,0,1,2,0,6,2
1.695828,10.0,8.194645,34.8,42,32,49,60,1,1,1,0,0,0,2,0,5,2
50.0,10.0,0.537699,29.1,56,0,4,4,0,0,0,0,0,2,1,1,4,1
12.34674,10.0,3.471642,29.1,56,30,45,53,1,1,1,0,0,2,1,1,7,2
8.994602,10.0,6.012623,29.1,56,28,47,59,1,1,1,0,0,2,1,1,7,2
6.933755,10.0,7.358441,29.1,56,33,49,59,1,1,1,0,0,1,1,1,6,2
5.605716,10.0,8.151532,29.1,56,33,49,59,1,1,1,0,0,1,1,1,6,2
4.622928,10.0,8.80579,29.1,56,33,49,59,1,1,1,0,0,1,1,1,6,2
4.168659,10.0,9.312554,29.1,56,33,49,59,1,1,1,0,0,1,1,1,6,2
3.786835,10.0,9.493105,29.1,56,33,49,60,1,1,1,0,0,1,1,1,6,2
3.488653,10.0,9.576279,29.1,56,33,49,60,1,1,1,0,0,1,1,1,6,2
3.188995,10.0,9.830036,29.2,56,34,52,64,1,1,1,0,0,1,1,1,6,2
3.021894,10.0,10.23181,29.2,56,34,52,64,1,1,1,0,0,1,1,1,6,2
2.856108,10.0,10.50238,29.2,56,34,52,64,1,1,1,0,0,1,1,1,6,2
2.726603,10.0,10.52067,29.2,56,35,52,64,1,1,1,0,0,1,1,1,6,2
2.617885,10.0,10.66806,29.3,56,35,52,64,1,1,1,0,0,1,1,1,6,2
2.531323,10.0,10.64953,29.3,56,34,52,64,1,1,1,0,0,1,1,1,6,2
2.458005,10.0,10.57571,29.4,56,34,53,65,1,1,1,0,0,1,1,1,6,2
2.376869,10.0,10.59412,29.4,56,34,52,65,1,1,1,0,0,1,1,1,6,2
2.311338,10.0,10.52067,29.4,56,34,52,64,1,1,1,0,0,1,1,1,6,2
2.269723,10.0,10.74252,29.4,56,37,57,68,2,1,1,0,0,1,1,1,7,2
2.207165,10.0,10.63103,29.4,56,37,57,68,2,1,1,0,0,1,1,1,7,2
2.17046,10.0,10.87405,29.4,56,38,57,67,2,1,1,0,0,1,1,1,7,2
2.122461,10.0,10.70523,29.4,56,37,55,66,2,1,1,0,0,1,1,1,7,2
2.081325,10.0,10.48413,29.4,56,37,54,65,2,1,1,0,0,1,1,1,7,2
2.069716,10.0,10.35722,29.4,56,37,54,65,2,1,1,0,0,1,1,1,7,2
2.052422,10.0,10.17851,29.5,56,37,56,67,2,1,1,0,0,1,1,1,7,2
2.029585,10.0,10.24963,29.5,56,37,56,67,2,1,1,0,0,1,1,1,7,2
1.98465,10.0,10.26749,29.5,56,37,57,68,2,1,1,0,0,1,1,1,7,2
1.935253,10.0,10.24963,29.6,56,37,57,68,2,1,1,0,0,1,1,1,7,2
1.935253,10.0,10.21401,29.6,56,37,58,69,2,1,1,0,0,1,1,1,7,2
1.892344,10.0,10.33921,29.7,55,37,58,69,2,1,1,0,0,1,1,0,6,2
1.908326,10.0,10.09029,29.7,55,41,62,71,2,2,1,0,0,1,1,0,7,2
1.905653,10.0,10.02024,29.7,55,42,62,72,2,2,1,0,0,1,1,0,7,2
2.34715,10.0,4.421471,29.8,55,42,62,72,2,2,1,0,0,1,1,0,7,2
5.369014,10.0,1.27899,29.8,55,42,64,73,2,2,1,0,0,1,1,0,7,2
7.013412,10.0,0.496014,29.8,55,46,70,76,2,2,1,0,0,1,1,0,7,2
6.833011,10.0,1.181271,29.8,55,47,71,76,2,2,1,0,0,1,1,0,7,2
5.336195,10.0,1.938844,29.9,55,123,500,600,2,2,2,0,0,1,1,0,8,2
5.30362,10.0,2.81889,29.9,55,121,500,600,2,2,2,0,0,1,1,0,8,2
5.013346,10.0,3.968214,30.0,55,98,500,600,2,2,2,0,0,1,1,0,8,2
8.521643,10.0,0.126848,30.1,55,71,500,600,2,2,2,0,0,1,1,0,8,2
6.275599,10.0,1.523503,30.2,56,69,500,600,2,2,2,0,0,1,1,1,9,2
5.30362,10.0,1.423519,30.3,56,76,500,600,2,2,2,0,0,1,1,1,9,2
4.777483,10.0,1.632171,30.4,55,78,500,600,2,2,2,0,0,1,1,0,8,2
4.622928,10.0,3.991061,30.5,55,77,500,600,2,2,2,0,0,1,1,0,8,2
4.156461,10.0,3.075739,30.5,55,74,500,600,2,2,2,0,0,1,1,0,8,2
4.217865,10.0,3.945476,30.6,55,104,500,600,2,2,2,0,0,1,1,0,8,2
3.819853,10.0,4.908572,30.7,54,75,500,600,2,2,2,0,0,1,1,0,8,2
3.595344,10.0,5.490995,30.7,54,74,500,600,2,2,2,0,0,1,1,0,8,2
3.488653,10.0,5.178401,30.8,53,119,500,600,2,2,2,0,0,1,1,0,8,2
4.331053,10.0,0.750293,30.8,53,152,500,600,2,2,2,0,0,1,1,0,8,2
4.108075,10.0,3.659507,30.9,53,156,500,600,2,2,2,0,0,1,1,0,8,2
3.647425,10.0,5.293757,30.9,53,176,500,600,2,2,2,0,0,1,1,0,8,2
3.498661,10.0,5.820003,30.9,53,175,479,540,2,2,2,0,0,1,1,0,8,2
3.503676,10.0,5.470986,30.9,52,175,465,523,2,2,2,0,0,1,1,0,8,2
3.366189,10.0,5.777948,30.9,52,148,500,600,2,2,2,0,0,1,1,0,8,2
3.161959,10.0,6.357708,30.9,52,176,500,600,2,2,2,0,0,1,1,0,8,2
3.021894,10.0,6.577896,31.0,52,179,500,600,2,2,2,0,0,1,1,0,8,2
3.108629,10.0,6.323555,31.0,52,188,500,600,2,2,2,0,0,1,1,0,8,2
3.207158,10.0,5.511068,31.0,52,189,500,600,2,2,2,0,0,1,1,0,8,2
3.294988,10.0,5.421244,31.0,52,182,391,426,2,2,2,0,0,1,1,0,8,2
3.135171,10.0,5.88359,31.0,52,180,361,388,2,2,2,0,0,1,1,0,8,2
3.161959,10.0,6.495987,31.0,52,177,338,361,2,2,2,0,0,1,1,0,8,2
2.996383,10.0,6.613283,31.1,52,176,336,359,2,2,2,0,0,1,1,0,8,2
2.784683,10.0,7.051636,31.1,52,179,500,600,2,2,2,0,0,1,1,0,8,2
2.632608,10.0,7.463408,31.1,52,183,500,600,2,2,2,0,0,1,1,0,8,2
2.892546,10.0,7.114567,31.1,52,184,500,600,2,2,2,0,0,1,1,0,8,2
2.860132,10.0,7.064181,31.1,52,184,500,600,2,2,2,0,0,1,1,0,8,2
2.788602,10.0,7.064181,31.1,52,187,500,600,2,2,2,0,0,1,1,0,8,2
2.816192,10.0,7.10194,31.1,51,188,481,539,2,2,2,0,0,1,1,0,8,2
2.749681,10.0,6.199728,31.1,51,187,471,528,2,2,2,0,0,1,1,0,8,2
2.692368,10.0,5.643119,31.1,51,177,357,384,2,2,2,0,0,1,1,0,8,2
2.625236,10.0,5.130984,31.1,52,175,336,360,2,2,2,0,0,1,1,0,8,2
3.498661,10.0,3.404081,31.1,52,175,335,358,2,2,2,0,0,1,1,0,8,2
3.06493,10.0,3.568046,31.1,52,170,319,337,2,2,2,0,0,1,1,0,8,2
2.788602,10.0,5.28406,31.2,52,170,325,347,2,2,2,0,0,1,1,0,8,2
2.570624,10.0,6.255742,31.2,52,169,323,345,2,2,2,0,0,1,1,0,8,2
2.447711,10.0,6.542678,31.2,52,186,398,431,2,2,2,0,0,1,1,0,8,2
2.458005,10.0,6.403502,31.3,52,186,406,440,2,2,2,0,0,1,1,0,8,2
2.434052,10.0,6.85365,31.3,52,161,500,600,2,2,2,0,0,1,1,0,8,2
2.383525,10.0,6.589673,31.4,51,160,500,600,2,2,2,0,0,1,1,0,8,2
2.34715,10.0,6.817096,31.4,51,158,500,600,2,2,2,0,0,1,1,0,8,2
3.765002,10.0,2.948101,31.4,51,187,500,600,2,2,2,0,0,1,1,0,8,2
3.332755,10.0,4.908572,31.4,51,188,500,600,2,2,2,0,0,1,1,0,8,2
3.099836,10.0,5.521128,31.5,51,196,500,560,2,2,2,0,0,1,1,0,8,2
2.769069,10.0,6.278273,31.5,51,194,440,480,2,2,2,0,0,1,1,0,8,2
2.643706,10.0,6.369128,31.5,51,192,435,472,2,2,2,0,0,1,1,0,8,2
2.496133,10.0,6.312206,31.6,51,175,500,600,2,2,2,0,0,1,1,0,8,2
2.454569,10.0,6.472754,31.6,51,200,500,600,2,2,2,0,0,1,1,0,8,2
2.437459,10.0,6.601468,31.6,50,200,500,600,2,2,2,0,0,1,1,0,8,2
2.403606,10.0,6.530976,31.6,50,200,500,600,2,2,2,0,0,1,1,0,8,2
2.334063,10.0,6.554398,31.6,50,200,500,600,2,2,2,0,0,1,1,0,8,2
2.279259,10.0,6.732494,31.6,50,200,500,600,2,2,2,0,0,1,1,0,8,2
2.222641,10.0,6.696529,31.6,50,196,412,445,2,2,2,0,0,1,1,0,8,2
2.301666,10.0,6.554398,31.6,50,189,385,413,2,2,2,0,0,1,1,0,8,2
2.276077,10.0,6.166336,31.6,50,187,382,410,2,2,2,0,0,1,1,0,8,2
2.288835,10.0,5.704999,31.6,50,181,350,374,2,2,2,0,0,1,1,0,8,2
2.295242,10.0,5.352268,31.6,50,177,338,359,2,2,2,0,0,1,1,0,8,2
2.225749,10.0,4.908572,31.6,50,176,336,356,2,2,2,0,0,1,1,0,8,2
8.419376,10.0,0.385755,31.7,50,188,424,461,2,2,2,0,0,1,1,0,8,2
7.491593,10.0,0.530304,31.8,51,200,456,489,2,2,2,0,0,1,1,0,8,2
5.468942,10.0,1.221607,31.8,51,196,411,440,2,2,2,0,0,1,1,0,8,2
5.443749,10.0,1.423519,31.8,51,194,406,432,2,2,2,0,0,1,1,0,8,2
7.798601,10.0,0.159568,31.9,51,164,500,600,2,2,2,0,0,1,1,0,8,2
11.29845,10.0,0.041924,31.9,50,158,500,600,2,2,2,0,0,2,1,0,9,2
17.21854,10.0,0.137031,31.9,50,71,500,600,2,2,2,0,0,2,1,0,9,2
13.50609,10.0,0.466488,31.9,50,58,500,600,2,2,2,0,0,2,1,0,9,2
7.64312,10.0,0.982053,31.9,50,57,500,600,2,2,2,0,0,1,1,0,8,2
5.764599,10.0,1.616866,31.9,50,142,500,600,2,2,2,0,0,1,1,0,8,2
4.842462,10.0,1.882924,31.9,50,138,500,600,2,2,2,0,0,1,1,0,8,2
4.622928,10.0,2.018269,31.9,50,76,500,600,2,2,2,0,0,1,1,0,8,2
4.180898,10.0,2.256415,31.9,49,62,500,600,2,2,2,0,0,1,1,0,8,2
3.781363,10.0,2.32034,31.9,49,62,500,600,2,2,2,0,0,1,1,0,8,2
3.554278,10.0,2.447118,31.9,49,135,500,600,2,2,2,0,0,1,1,0,8,2
3.419479,10.0,2.509809,31.8,49,193,500,600,2,2,2,0,0,1,1,0,8,2
3.290301,10.0,2.622473,31.8,49,198,500,600,2,2,2,0,0,1,1,0,8,2
3.161959,10.0,2.671934,31.7,49,200,500,600,2,2,2,0,0,1,1,0,8,2
3.013364,10.0,2.638881,31.7,49,200,500,600,2,2,2,0,0,1,1,0,8,2
3.00911,10.0,2.77302,31.6,49,200,500,600,2,2,2,0,0,1,1,0,8,2
3.00062,10.0,2.807367,31.6,49,200,500,600,2,2,2,0,0,1,1,0,8,2
3.043331,10.0,1.943195,31.6,49,200,500,583,2,2,2,0,0,1,1,0,8,2
3.668492,10.0,0.232471,31.5,49,200,500,582,2,2,2,0,0,1,1,0,8,2
3.689696,10.0,1.324877,31.5,50,200,500,576,2,2,2,0,0,1,1,0,8,2
3.995726,10.0,0.976638,31.5,50,200,500,565,2,2,2,0,0,1,1,0,8,2
3.605693,10.0,1.900002,31.5,50,200,500,568,2,2,2,0,0,1,1,0,8,2
3.207158,10.0,2.416221,31.5,50,200,500,600,2,2,2,0,0,1,1,0,8,2
3.09545,10.0,2.541612,31.5,50,200,500,600,2,2,2,0,0,1,1,0,8,2
2.946053,10.0,2.7109,31.5,50,138,500,600,2,2,2,0,0,1,1,0,8,2
2.856108,10.0,2.877061,31.5,50,142,500,600,2,2,2,0,0,1,1,0,8,2
2.76518,10.0,2.948101,31.5,50,142,500,600,2,2,2,0,0,1,1,0,8,2
2.707527,10.0,2.996222,31.4,50,181,500,600,2,2,2,0,0,1,1,0,8,2
2.707527,10.0,2.996222,31.4,50,185,500,600,2,2,2,0,0,1,1,0,8,2
2.718956,10.0,3.08812,31.4,50,190,500,600,2,2,2,0,0,1,1,0,8,2
2.654854,10.0,3.063398,31.4,50,200,500,600,2,2,2,0,0,1,1,0,8,2
2.625236,10.0,3.08812,31.4,50,200,500,600,2,2,2,0,0,1,1,0,8,2
2.581451,10.0,3.106766,31.4,50,200,500,600,2,2,2,0,0,1,1,0,8,2
2.606899,10.0,3.08812,31.3,50,200,500,600,2,2,2,0,0,1,1,0,8,2
2.524245,10.0,3.188596,31.3,50,200,500,600,2,2,2,0,0,1,1,0,8,2
2.499629,10.0,3.246248,31.3,50,200,500,600,2,2,2,0,0,1,1,0,8,2
2.506637,10.0,3.324411,31.3,50,200,500,600,2,2,2,0,0,1,1,0,8,2
2.499629,10.0,3.304731,31.3,50,200,500,600,2,2,2,0,0,1,1,0,8,2
2.55626,10.0,3.298191,31.3,50,200,500,600,2,2,2,0,0,1,1,0,8,2
2.559843,10.0,3.377357,31.3,50,200,500,600,2,2,2,0,0,1,1,0,8,2
2.496133,10.0,3.417507,31.3,50,200,500,600,2,2,2,0,0,1,1,0,8,2
2.517187,10.0,3.458044,31.3,50,200,500,600,2,2,2,0,0,1,1,0,8,2
2.492642,10.0,3.478457,31.3,50,200,500,600,2,2,2,0,0,1,1,0,8,2
2.492642,10.0,3.498967,31.3,50,200,500,600,2,2,2,0,0,1,1,0,8,2
2.496133,10.0,3.498967,31.3,50,200,500,600,2,2,2,0,0,1,1,0,8,2
2.538423,10.0,3.498967,31.3,50,200,500,600,2,2,2,0,0,1,1,0,8,2
2.559843,10.0,3.617058,31.3,50,200,500,600,2,2,2,0,0,1,1,0,8,2
2.499629,10.0,3.652404,31.3,50,200,500,600,2,2,2,0,0,1,1,0,8,2
2.496133,10.0,3.695187,31.3,50,200,500,600,2,2,2,0,0,1,1,0,8,2
2.485675,10.0,3.818643,31.3,50,200,500,600,2,2,2,0,0,1,1,0,8,2
2.471801,10.0,3.855591,31.3,51,200,500,600,2,2,2,0,0,1,1,0,8,2
2.444288,10.0,3.968214,31.3,51,200,500,600,2,2,2,0,0,1,1,0,8,2
2.734274,10.0,3.968214,31.3,51,200,500,600,2,2,2,0,0,1,1,0,8,2
2.545542,10.0,4.068009,31.3,51,200,500,600,2,2,2,0,0,1,1,0,8,2
2.475261,10.0,4.099132,31.3,51,200,500,600,2,2,2,0,0,1,1,0,8,2
2.461446,10.0,4.021694,31.2,51,200,500,600,2,2,2,0,0,1,1,0,8,2
2.434052,10.0,4.130453,31.2,51,200,500,600,2,2,2,0,0,1,1,0,8,2
2.383525,10.0,4.217616,31.2,51,200,500,600,2,2,2,0,0,1,1,0,8,2
2.380194,10.0,4.257745,31.1,51,200,500,600,2,2,2,0,0,1,1,0,8,2
2.334063,10.0,4.322612,31.0,51,200,500,600,2,2,2,0,0,1,1,0,8,2
2.140337,10.0,4.96338,31.0,51,200,500,600,2,2,2,0,0,1,1,0,8,2
2.116536,10.0,4.926783,30.9,51,200,500,600,2,2,2,0,0,1,1,0,8,2
2.128404,10.0,4.954209,30.8,51,200,500,600,2,2,2,0,0,1,1,0,8,2
2.090073,10.0,5.046581,30.6,51,200,500,600,2,2,2,0,0,1,1,0,8,2
2.084237,10.0,5.093322,30.5,51,200,500,600,2,2,2,0,0,1,1,0,8,2
2.075512,10.0,5.074581,30.3,51,200,500,600,2,2,2,0,0,1,1,0,8,2
2.063936,10.0,5.102715,30.3,52,200,495,531,2,2,2,0,0,1,1,0,8,2
2.049554,10.0,5.112123,30.2,52,200,495,531,2,2,2,0,0,1,1,0,8,2
2.032425,10.0,5.245421,30.2,52,200,492,527,2,2,2,0,0,1,1,0,8,2
2.021084,10.0,5.264709,30.2,52,200,493,526,2,2,2,0,0,1,1,0,8,2
1.995791,10.0,5.303471,30.2,52,200,480,512,2,2,2,0,0,1,1,0,8,2
1.990213,10.0,5.255058,30.2,52,200,476,506,2,2,2,0,0,1,1,0,8,2
1.954319,10.0,5.401459,30.2,52,200,475,506,2,2,2,0,0,1,1,0,8,2
1.940682,10.0,5.501024,30.2,52,200,453,475,2,2,2,0,0,1,1,0,8,2
1.905653,10.0,5.673985,30.2,52,200,452,474,2,2,2,0,0,1,1,0,8,2
1.902985,10.0,5.612401,30.1,52,200,429,454,2,2,2,0,0,1,1,0,8,2
1.879124,10.0,5.673985,30.1,52,200,420,444,2,2,2,0,0,1,1,0,8,2
1.871234,10.0,5.684306,30.1,52,200,419,443,2,2,2,0,0,1,1,0,8,2
1.850349,10.0,5.757022,30.1,52,200,407,435,2,2,2,0,0,1,1,0,8,2
1.847754,10.0,5.704999,30.1,52,200,405,433,2,2,2,0,0,1,1,0,8,2
1.847754,10.0,5.673985,30.1,52,196,379,404,2,2,2,0,0,1,1,0,8,2
1.834832,10.0,5.894249,30.1,52,196,378,403,2,2,2,0,0,1,1,0,8,2
1.821996,10.0,5.937052,30.1,52,196,378,403,2,2,2,0,0,1,1,0,8,2
1.821996,10.0,5.820003,30.1,52,194,372,393,2,2,2,0,0,1,1,0,8,2
1.811789,10.0,5.872951,30.1,52,194,372,393,2,2,2,0,0,1,1,0,8,2
1.804169,10.0,6.012623,30.1,52,195,372,394,2,2,2,0,0,1,1,0,8,2
1.786507,10.0,6.023488,30.1,52,190,364,383,2,2,2,0,0,1,1,0,8,2
1.773992,10.0,6.04527,30.1,52,188,352,370,2,2,2,0,0,1,1,0,8,2
1.776488,10.0,6.122064,30.1,52,186,348,368,2,2,2,0,0,1,1,0,8,2
1.794056,10.0,6.012623,30.0,52,183,342,360,2,2,2,0,0,1,1,0,8,2
1.801635,10.0,6.012623,30.0,52,179,338,360,2,2,2,0,0,1,1,0,8,2
1.799106,10.0,6.023488,30.0,53,184,347,370,2,2,2,0,0,1,1,0,8,2
1.796578,10.0,6.18858,30.0,53,181,343,364,2,2,2,0,0,1,1,0,8,2
1.789019,10.0,6.199728,30.0,53,179,336,354,2,2,2,0,0,1,1,0,8,2
1.786507,10.0,6.233282,30.0,53,179,336,354,2,2,2,0,0,1,1,0,8,2
1.786507,10.0,6.210896,30.0,53,182,339,357,2,2,2,0,0,1,1,0,8,2
1.794056,10.0,6.255742,30.0,53,178,330,344,2,2,2,0,0,1,1,0,8,2
1.796578,10.0,6.133106,29.9,53,178,329,344,2,2,2,0,0,1,1,0,8,2
1.789019,10.0,6.133106,29.9,53,179,327,345,2,2,2,0,0,1,1,0,8,2
1.796578,10.0,6.346305,29.9,53,174,321,339,2,2,2,0,0,1,1,0,8,2
1.778987,10.0,6.369128,29.9,53,175,322,341,2,2,2,0,0,1,1,0,8,2
2.340597,10.0,6.289566,31.4,54,21,31,33,1,1,0,0,0,1,1,0,4,1
2.327547,10.0,6.369128,31.4,54,22,32,35,1,1,0,0,0,1,1,0,4,1
2.317807,10.0,6.346305,31.4,54,22,31,35,1,1,0,0,0,1,1,0,4,1
2.32105,10.0,6.33492,31.4,54,22,32,34,1,1,0,0,0,1,1,0,4,1
2.330802,10.0,6.300878,31.4,54,21,31,32,1,1,0,0,0,1,1,0,4,1
2.337328,10.0,6.346305,31.4,54,22,32,34,1,1,0,0,0,1,1,0,4,1
2.311338,10.0,6.266998,31.4,54,22,32,34,1,1,0,0,0,1,1,0,4,1
2.324296,10.0,6.244503,31.4,54,21,31,33,1,1,0,0,0,1,1,0,4,1
2.34715,10.0,6.369128,31.4,54,21,31,33,1,1,0,0,0,1,1,0,4,1
2.324296,10.0,6.380568,31.4,54,22,32,34,1,1,0,0,0,1,1,0,4,1
2.301666,10.0,6.369128,31.4,54,21,32,34,1,1,0,0,0,1,1,0,4,1
2.31457,10.0,6.357708,31.4,54,20,32,34,1,1,0,0,0,1,1,0,4,1
2.330802,10.0,6.414997,31.4,54,20,31,34,1,1,0,0,0,1,1,0,4,1
2.308109,10.0,6.369128,31.4,54,19,30,33,1,1,0,0,0,1,1,0,4,1
2.288835,10.0,6.392026,31.4,54,21,29,33,1,0,0,0,0,1,1,0,3,0
2.308109,10.0,6.369128,31.4,54,21,30,33,1,1,0,0,0,1,1,0,4,1
2.324296,10.0,6.312206,31.4,54,21,30,33,1,1,0,0,0,1,1,0,4,1
2.288835,10.0,6.369128,31.4,54,22,32,34,1,1,0,0,0,1,1,0,4,1
2.295242,10.0,6.438046,31.4,54,22,32,34,1,1,0,0,0,1,1,0,4,1
2.311338,10.0,6.438046,31.4,54,22,32,34,1,1,0,0,0,1,1,0,4,1
2.295242,10.0,6.403502,31.4,54,22,32,34,1,1,0,0,0,1,1,0,4,1
2.298452,10.0,6.369128,31.4,54,21,31,33,1,1,0,0,0,1,1,0,4,1
2.279259,10.0,6.312206,31.4,54,21,31,34,1,1,0,0,0,1,1,0,4,1
2.301666,10.0,6.380568,31.4,54,22,32,36,1,1,0,0,0,1,1,0,4,1
2.285639,10.0,6.312206,31.4,54,22,32,36,1,1,0,0,0,1,1,0,4,1
2.282446,10.0,6.300878,31.4,54,22,32,34,1,1,0,0,0,1,1,0,4,1
2.292036,10.0,6.357708,31.4,54,22,32,34,1,1,0,0,0,1,1,0,4,1
2.311338,10.0,6.380568,31.4,54,22,32,34,1,1,0,0,0,1,1,0,4,1
2.279259,10.0,6.369128,31.4,54,22,32,34,1,1,0,0,0,1,1,0,4,1
2.282446,10.0,6.346305,31.4,54,22,32,35,1,1,0,0,0,1,1,0,4,1
2.279259,10.0,6.369128,31.4,54,21,31,34,1,1,0,0,0,1,1,0,4,1
2.282446,10.0,6.484361,31.4,54,21,33,36,1,1,0,0,0,1,1,0,4,1
2.272898,10.0,6.392026,31.4,54,22,32,34,1,1,0,0,0,1,1,0,4,1
2.263389,10.0,6.426512,31.4,54,22,32,34,1,1,0,0,0,1,1,0,4,1
2.266554,10.0,6.369128,31.4,54,21,32,36,1,1,0,0,0,1,1,0,4,1
2.285639,10.0,6.369128,31.4,54,21,32,36,1,1,0,0,0,1,1,0,4,1
2.263389,10.0,6.519295,31.4,54,21,33,36,1,1,0,0,0,1,1,0,4,1
2.247629,10.0,6.369128,31.4,54,22,31,34,1,1,0,0,0,1,1,0,4,1
2.225749,10.0,6.403502,31.4,54,22,31,34,1,1,0,0,0,1,1,0,4,1
2.272898,10.0,6.484361,31.3,54,22,31,33,1,1,0,0,0,1,1,0,4,1
2.272898,10.0,6.507631,31.3,54,23,32,34,1,1,0,0,0,1,1,0,4,1
2.222641,10.0,6.519295,31.3,54,23,32,34,1,1,0,0,0,1,1,0,4,1
2.225749,10.0,6.438046,31.3,54,22,32,34,1,1,0,0,0,1,1,0,4,1
2.250772,10.0,6.380568,31.3,54,21,32,35,1,1,0,0,0,1,1,0,4,1
2.04669,10.0,6.817096,31.3,54,23,35,40,1,1,0,0,0,1,1,0,4,1
2.029585,10.0,6.927293,31.4,54,24,36,41,1,1,0,0,0,1,1,0,4,1
2.043829,10.0,6.89038,31.5,53,24,36,41,1,1,0,0,0,1,1,0,4,1
2.040972,10.0,6.85365,31.7,53,24,36,42,1,1,0,0,0,1,1,0,4,1
2.040972,10.0,6.85365,31.8,52,23,35,41,1,1,0,0,0,1,1,0,4,1
2.03527,10.0,6.878117,31.8,52,23,35,41,1,1,0,0,0,1,1,0,4,1
2.03527,10.0,6.902664,31.8,52,23,35,41,1,1,0,0,0,1,1,0,4,1
2.018258,10.0,7.01412,31.8,52,24,36,42,1,1,0,0,0,1,1,0,4,1
2.009804,10.0,7.001656,31.8,52,23,35,41,1,1,0,0,0,1,1,0,4,1
2.009804,10.0,6.952,31.8,52,23,35,41,1,1,0,0,0,1,1,0,4,1
1.993,10.0,7.139885,31.8,52,23,35,41,1,1,0,0,0,1,1,0,4,1
2.001385,10.0,7.10194,31.7,52,24,35,41,1,1,0,0,0,1,1,0,4,1
1.990213,10.0,7.139885,31.7,52,24,36,42,1,1,0,0,0,1,1,0,4,1
2.001385,10.0,7.127216,31.6,52,24,36,42,1,1,0,0,0,1,1,0,4,1
1.993,10.0,7.127216,31.5,52,23,34,42,1,1,0,0,0,1,1,0,4,1
1.987429,10.0,7.076747,31.5,52,25,35,42,1,1,0,0,0,1,1,0,4,1
1.96805,10.0,7.216332,31.4,52,23,34,40,1,1,0,0,0,1,1,0,4,1
1.96805,10.0,7.152575,31.3,53,23,34,40,1,1,0,0,0,1,1,0,4,1
1.962547,10.0,7.076747,31.2,53,23,33,39,1,1,0,0,0,1,1,0,4,1
1.951584,10.0,7.165286,31.2,53,23,33,39,1,1,0,0,0,1,1,0,4,1
1.946126,10.0,7.139885,31.1,53,23,34,40,1,1,0,0,0,1,1,0,4,1
1.948853,10.0,7.139885,31.1,53,24,35,43,1,1,0,0,0,1,1,0,4,1
1.932543,10.0,7.139885,31.0,53,24,35,43,1,1,0,0,0,1,1,0,4,1
1.937966,10.0,7.139885,31.0,53,25,35,44,1,1,0,0,0,1,1,0,4,1
4.460975,10.0,6.732494,30.9,53,24,34,43,1,1,0,0,0,1,1,0,4,1
3.434173,10.0,6.554398,30.9,53,25,36,45,1,1,0,0,0,1,1,0,4,1
2.606899,10.0,6.792826,30.8,54,24,37,44,1,1,0,0,0,1,1,0,4,1
2.125431,10.0,7.216332,30.8,56,26,38,45,1,1,0,0,0,1,1,1,5,2
2.087153,10.0,7.064181,30.9,58,25,38,45,1,1,0,0,0,1,1,1,5,2
2.040972,10.0,7.051636,31.0,59,24,38,43,1,1,0,0,0,1,1,1,5,2
2.004188,10.0,7.064181,31.1,59,24,37,42,1,1,0,0,0,1,1,1,5,2
1.98465,10.0,7.127216,31.1,59,24,36,40,1,1,0,0,0,1,1,1,5,2
1.987429,10.0,6.952,31.2,58,24,36,40,1,1,0,0,0,1,1,1,5,2
1.981873,10.0,6.89038,31.2,56,24,36,40,1,1,0,0,0,1,1,1,5,2
1.96805,10.0,6.829262,31.3,55,24,35,43,1,1,0,0,0,1,1,0,4,1
1.96805,10.0,6.589673,31.3,54,24,35,43,1,1,0,0,0,1,1,0,4,1
1.9598,10.0,6.613283,31.3,54,25,36,43,1,1,0,0,0,1,1,0,4,1
1.946126,10.0,6.648844,31.3,54,24,37,43,1,1,0,0,0,1,1,0,4,1
1.943402,10.0,6.530976,31.3,54,24,37,43,1,1,0,0,0,1,1,0,4,1
1.924439,10.0,6.613283,31.4,54,24,35,43,1,1,0,0,0,1,1,0,4,1
1.924439,10.0,6.530976,31.4,54,25,38,45,1,1,0,0,0,1,1,0,4,1
1.913683,10.0,6.449595,31.5,54,25,38,45,1,1,0,0,0,1,1,0,4,1
1.919054,10.0,6.449595,31.5,54,25,37,43,1,1,0,0,0,1,1,0,4,1
1.913683,10.0,6.542678,31.6,53,25,37,43,1,1,0,0,0,1,1,0,4,1
1.905653,10.0,6.542678,31.6,53,25,37,43,1,1,0,0,0,1,1,0,4,1
1.905653,10.0,6.438046,31.7,53,25,37,43,1,1,0,0,0,1,1,0,4,1
1.905653,10.0,6.426512,31.7,53,25,37,43,1,1,0,0,0,1,1,0,4,1
1.905653,10.0,6.495987,31.8,52,26,38,45,1,1,0,0,0,1,1,0,4,1
1.902985,10.0,6.519295,31.8,52,26,38,45,1,1,0,0,0,1,1,0,4,1
1.902985,10.0,6.380568,31.8,52,25,37,44,1,1,0,0,0,1,1,0,4,1
1.897657,10.0,6.554398,31.9,52,25,37,44,1,1,0,0,0,1,1,0,4,1
1.892344,10.0,6.554398,31.9,52,25,37,44,1,1,0,0,0,1,1,0,4,1
1.900319,10.0,6.495987,31.9,52,25,37,44,1,1,0,0,0,1,1,0,4,1
1.889692,10.0,6.542678,32.0,52,26,37,45,1,1,0,0,0,1,2,0,5,2
1.894999,10.0,6.507631,32.0,52,25,37,45,1,1,0,0,0,1,2,0,5,2
1.905653,10.0,6.392026,32.0,52,25,37,45,1,1,0,0,0,1,2,0,5,2
1.905653,10.0,6.495987,32.0,52,24,36,42,1,1,0,0,0,1,2,0,5,2
1.900319,10.0,6.438046,32.1,51,23,35,41,1,1,0,0,0,1,2,0,5,2
1.905653,10.0,6.403502,32.1,51,23,35,41,1,1,0,0,0,1,2,0,5,2
1.897657,10.0,6.519295,32.1,51,23,35,41,1,1,0,0,0,1,2,0,5,2
1.897657,10.0,6.380568,32.2,51,24,36,43,1,1,0,0,0,1,2,0,5,2
1.889692,10.0,6.589673,32.2,51,23,36,43,1,1,0,0,0,1,2,0,5,2
1.892344,10.0,6.519295,32.2,51,24,36,43,1,1,0,0,0,1,2,0,5,2
1.881761,10.0,6.519295,32.3,51,25,37,43,1,1,0,0,0,1,2,0,5,2
1.871234,10.0,6.542678,32.3,51,25,37,43,1,1,0,0,0,1,2,0,5,2
1.881761,10.0,6.519295,32.3,51,24,37,43,1,1,0,0,0,1,2,0,5,2
1.881761,10.0,6.566137,32.3,51,24,38,45,1,1,0,0,0,1,2,0,5,2
1.881761,10.0,6.530976,32.4,51,24,38,45,1,1,0,0,0,1,2,0,5,2
1.87386,10.0,6.566137,32.4,51,24,38,45,1,1,0,0,0,1,2,0,5,2
1.865992,10.0,6.589673,32.4,51,24,38,46,1,1,0,0,0,1,2,0,5,2
1.87649,10.0,6.519295,32.4,50,24,37,46,1,1,0,0,0,1,2,0,5,2
1.879124,10.0,6.601468,32.5,50,24,37,46,1,1,0,0,0,1,2,0,5,2
1.860763,10.0,6.684578,32.5,50,25,37,45,1,1,0,0,0,1,2,0,5,2
50.0,10.0,0.670996,29.1,58,4,8,13,0,0,0,0,0,2,1,1,4,1
7.331751,10.0,3.840777,29.1,58,17,23,23,1,0,0,0,0,1,1,1,4,1
6.03236,10.0,6.012623,29.1,58,22,31,37,1,1,0,0,0,1,1,1,5,2
5.013346,10.0,7.267715,29.1,58,23,32,34,1,1,0,0,0,1,1,1,5,2
4.350258,10.0,7.855629,29.1,58,23,32,34,1,1,0,0,0,1,1,1,5,2
3.926577,10.0,8.009352,29.1,58,23,32,34,1,1,0,0,0,1,1,1,5,2
3.595344,10.0,8.065944,29.1,58,23,32,34,1,1,0,0,0,1,1,1,5,2
3.332755,10.0,8.237974,29.1,58,23,32,34,1,1,0,0,0,1,1,1,5,2
3.207158,10.0,8.339908,29.2,58,23,32,34,1,1,0,0,0,1,1,1,5,2
3.073617,10.0,8.223506,29.2,58,24,35,38,1,1,0,0,0,1,1,1,5,2
2.95855,10.0,8.428221,29.2,58,24,35,38,1,1,0,0,0,1,1,1,5,2
2.85209,10.0,8.457853,29.2,58,23,34,39,1,1,0,0,0,1,1,1,5,2
2.745821,10.0,8.443026,29.3,58,23,34,39,1,1,0,0,0,1,1,1,5,2
2.662313,10.0,8.383954,29.3,57,23,34,39,1,1,0,0,0,1,1,1,5,2
2.617885,10.0,8.266978,29.4,57,23,34,39,1,1,0,0,0,1,1,1,5,2
2.570624,10.0,8.252463,29.4,57,23,32,39,1,1,0,0,0,1,1,1,5,2
2.489156,10.0,8.325274,29.5,57,23,32,39,1,1,0,0,0,1,1,1,5,2
2.475261,10.0,8.209064,29.6,57,25,35,41,1,1,0,0,0,1,1,1,5,2
2.434052,10.0,8.296078,29.7,57,24,35,41,1,1,0,0,0,1,1,1,5,2
2.38686,10.0,8.443026,29.7,57,23,34,40,1,1,0,0,0,1,1,1,5,2
2.383525,10.0,8.151532,29.8,56,22,34,40,1,1,0,0,0,1,1,1,5,2
2.376869,10.0,8.237974,29.9,56,22,32,38,1,1,0,0,0,1,1,1,5,2
2.334063,10.0,8.413441,30.0,56,22,32,38,1,1,0,0,0,1,1,1,5,2
2.298452,10.0,8.18025,30.0,56,23,35,39,1,1,0,0,0,1,1,1,5,2
2.298452,10.0,8.122909,30.1,56,22,33,38,1,1,0,0,0,1,1,1,5,2
2.225749,10.0,8.165879,30.1,55,22,33,38,1,1,0,0,0,1,1,0,4,1
2.247629,10.0,8.194645,30.2,55,22,34,39,1,1,0,0,0,1,1,0,4,1
2.188736,10.0,8.151532,30.2,55,22,34,39,1,1,0,0,0,1,1,0,4,1
2.173496,10.0,8.296078,30.3,55,22,34,39,1,1,0,0,0,1,1,0,4,1
2.179579,10.0,8.065944,30.3,55,22,32,37,1,1,0,0,0,1,1,0,4,1
2.179579,10.0,8.065944,30.4,55,22,32,37,1,1,0,0,0,1,1,0,4,1
2.176536,10.0,8.151532,30.5,55,22,32,37,1,1,0,0,0,1,1,0,4,1
2.14933,10.0,8.094379,30.5,55,23,34,37,1,1,0,0,0,1,1,0,4,1
2.137347,10.0,8.209064,30.6,54,22,33,36,1,1,0,0,0,1,1,0,4,1
2.119496,10.0,8.194645,30.7,54,23,32,35,1,1,0,0,0,1,1,0,4,1
2.116536,10.0,8.194645,30.7,54,23,32,35,1,1,0,0,0,1,1,0,4,1
2.11358,10.0,8.08015,30.8,54,23,33,36,1,1,0,0,0,1,1,0,4,1
2.140337,10.0,8.037601,30.8,54,23,33,36,1,1,0,0,0,1,1,0,4,1
2.158361,10.0,8.122909,30.8,54,24,35,39,1,1,0,0,0,1,1,0,4,1
2.098858,10.0,8.266978,30.9,53,24,35,39,1,1,0,0,0,1,1,0,4,1
2.084237,10.0,8.122909,30.9,53,23,36,40,1,1,0,0,0,1,1,0,4,1
2.084237,10.0,8.023465,30.9,53,22,34,38,1,1,0,0,0,1,1,0,4,1
2.092997,10.0,7.981195,30.9,53,23,35,39,1,1,0,0,0,1,1,0,4,1
2.043829,10.0,8.094379,30.9,53,22,33,36,1,1,0,0,0,1,1,0,4,1
2.090073,10.0,7.981195,30.9,53,22,33,36,1,1,0,0,0,1,1,0,4,1
2.081325,10.0,7.981195,31.0,53,22,33,36,1,1,0,0,0,1,1,0,4,1
2.066824,10.0,7.953132,31.0,53,22,34,37,1,1,0,0,0,1,1,0,4,1
2.040972,10.0,7.981195,31.0,53,22,34,37,1,1,0,0,0,1,1,0,4,1
2.052422,10.0,7.911207,31.0,53,23,35,39,1,1,0,0,0,1,1,0,4,1
2.066824,10.0,7.855629,31.0,53,23,35,39,1,1,0,0,0,1,1,0,4,1
2.03527,10.0,8.037601,31.0,53,23,33,38,1,1,0,0,0,1,1,0,4,1
2.009804,10.0,7.925158,31.0,53,23,33,38,1,1,0,0,0,1,1,0,4,1
2.015436,10.0,8.037601,31.1,53,23,33,35,1,1,0,0,0,1,1,0,4,1
2.043829,10.0,7.841792,31.1,53,22,32,34,1,1,0,0,0,1,1,0,4,1
2.012619,10.0,7.869489,31.1,53,21,31,34,1,1,0,0,0,1,1,0,4,1
2.001385,10.0,7.925158,31.2,53,21,31,34,1,1,0,0,0,1,1,0,4,1
2.032425,10.0,7.841792,31.2,53,21,31,35,1,1,0,0,0,1,1,0,4,1
2.021084,10.0,7.827978,31.2,53,21,31,35,1,1,0,0,0,1,1,0,4,1
2.001385,10.0,7.800416,31.2,53,21,32,35,1,1,0,0,0,1,1,0,4,1
2.001385,10.0,7.897277,31.3,53,23,33,35,1,1,0,0,0,1,1,0,4,1
2.001385,10.0,7.995262,31.3,53,23,33,35,1,1,0,0,0,1,1,0,4,1
1.990213,10.0,7.995262,31.3,52,22,32,36,1,1,0,0,0,1,1,0,4,1
1.979101,10.0,7.925158,31.3,52,22,32,36,1,1,0,0,0,1,1,0,4,1
1.995791,10.0,7.855629,31.3,52,21,31,34,1,1,0,0,0,1,1,0,4,1
2.004188,10.0,7.841792,31.4,52,22,33,35,1,1,0,0,0,1,1,0,4,1
1.979101,10.0,7.967153,31.4,52,22,33,35,1,1,0,0,0,1,1,0,4,1
1.96805,10.0,7.925158,31.4,52,22,32,35,1,1,0,0,0,1,1,0,4,1
1.979101,10.0,7.967153,31.4,52,22,32,35,1,1,0,0,0,1,1,0,4,1
1.976333,10.0,8.009352,31.4,52,22,32,36,1,1,0,0,0,1,1,0,4,1
1.962547,10.0,7.953132,31.4,52,23,33,35,1,1,0,0,0,1,1,0,4,1
1.976333,10.0,7.897277,31.4,52,23,33,35,1,1,0,0,0,1,1,0,4,1
1.965297,10.0,7.800416,31.4,52,23,33,36,1,1,0,0,0,1,1,0,4,1
1.979101,10.0,7.841792,31.4,52,23,33,36,1,1,0,0,0,1,1,0,4,1
1.957058,10.0,7.800416,31.4,52,22,32,35,1,1,0,0,0,1,1,0,4,1
1.954319,10.0,7.800416,31.4,52,22,31,34,1,1,0,0,0,1,1,0,4,1
1.962547,10.0,7.897277,31.5,52,21,31,36,1,1,0,0,0,1,1,0,4,1
1.965297,10.0,7.814186,31.5,52,21,31,36,1,1,0,0,0,1,1,0,4,1
1.946126,10.0,7.800416,31.5,52,22,32,36,1,1,0,0,0,1,1,0,4,1
1.951584,10.0,7.759243,31.5,52,23,33,36,1,1,0,0,0,1,1,0,4,1
1.937966,10.0,7.995262,31.5,52,23,33,36,1,1,0,0,0,1,1,0,4,1
1.932543,10.0,7.827978,31.5,52,23,33,37,1,1,0,0,0,1,1,0,4,1
1.940682,10.0,7.814186,31.5,52,22,32,34,1,1,0,0,0,1,1,0,4,1
1.943402,10.0,7.827978,31.5,52,22,32,34,1,1,0,0,0,1,1,0,4,1
1.929838,10.0,7.855629,31.5,52,22,32,36,1,1,0,0,0,1,1,0,4,1
1.916367,10.0,7.759243,31.5,52,22,32,37,1,1,0,0,0,1,1,0,4,1
1.913683,10.0,7.841792,31.5,52,21,32,36,1,1,0,0,0,1,1,0,4,1
1.940682,10.0,7.911207,31.5,52,23,33,35,1,1,0,0,0,1,1,0,4,1
1.919054,10.0,7.745564,31.5,52,23,33,36,1,1,0,0,0,1,1,0,4,1
1.913683,10.0,7.800416,31.5,51,23,33,37,1,1,0,0,0,1,1,0,4,1
1.919054,10.0,7.925158,31.5,51,23,33,37,1,1,0,0,0,1,1,0,4,1
1.913683,10.0,7.704659,31.5,51,23,33,37,1,1,0,0,0,1,1,0,4,1
1.905653,10.0,7.925158,31.5,51,23,33,37,1,1,0,0,0,1,1,0,4,1
1.924439,10.0,7.869489,31.6,51,23,33,37,1,1,0,0,0,1,1,0,4,1
1.905653,10.0,7.718272,31.6,51,22,32,35,1,1,0,0,0,1,1,0,4,1
1.905653,10.0,7.677502,31.6,51,22,31,35,1,1,0,0,0,1,1,0,4,1
1.892344,10.0,7.869489,31.6,51,23,33,35,1,1,0,0,0,1,1,0,4,1
1.905653,10.0,7.869489,31.6,51,23,33,37,1,1,0,0,0,1,1,0,4,1
1.902985,10.0,7.772944,31.6,51,23,33,37,1,1,0,0,0,1,1,0,4,1
1.911003,10.0,7.786668,31.6,51,21,31,33,1,1,0,0,0,1,1,0,4,1
1.905653,10.0,7.967153,31.6,51,21,32,34,1,1,0,0,0,1,1,0,4,1
1.908326,10.0,7.925158,31.6,51,21,31,33,1,1,0,0,0,1,1,0,4,1
1.900319,10.0,7.841792,31.6,51,22,32,35,1,1,0,0,0,1,1,0,4,1
1.897657,10.0,7.897277,31.6,51,22,32,35,1,1,0,0,0,1,1,0,4,1
1.908326,10.0,7.759243,31.6,51,22,32,36,1,1,0,0,0,1,1,0,4,1
1.889692,10.0,7.731905,31.6,51,22,32,34,1,1,0,0,0,1,1,0,4,1
1.892344,10.0,7.69107,31.6,51,21,31,33,1,1,0,0,0,1,1,0,4,1
1.881761,10.0,7.800416,31.6,51,21,31,33,1,1,0,0,0,1,1,0,4,1
1.879124,10.0,7.677502,31.6,51,22,32,35,1,1,0,0,0,1,1,0,4,1
1.871234,10.0,7.827978,31.6,51,22,32,34,1,1,0,0,0,1,1,0,4,1
1.87649,10.0,7.731905,31.6,51,22,32,35,1,1,0,0,0,1,1,0,4,1
1.871234,10.0,7.841792,31.6,51,22,32,35,1,1,0,0,0,1,1,0,4,1
1.863376,10.0,7.745564,31.6,51,22,32,35,1,1,0,0,0,1,1,0,4,1
1.87386,10.0,7.677502,31.6,51,22,31,34,1,1,0,0,0,1,1,0,4,1
1.847754,10.0,7.869489,31.6,51,22,31,34,1,1,0,0,0,1,1,0,4,1
1.847754,10.0,7.745564,31.6,51,22,32,34,1,1,0,0,0,1,1,0,4,1
1.83999,10.0,7.772944,31.6,51,22,32,34,1,1,0,0,0,1,1,0,4,1
1.850349,10.0,7.704659,31.6,51,20,31,33,1,1,0,0,0,1,1,0,4,1
1.83741,10.0,7.718272,31.6,51,21,31,34,1,1,0,0,0,1,1,0,4,1
1.83999,10.0,7.677502,31.6,51,21,31,35,1,1,0,0,0,1,1,0,4,1
1.83741,10.0,7.786668,31.6,51,22,32,34,1,1,0,0,0,1,1,0,4,1
1.829687,10.0,7.855629,31.6,51,22,32,34,1,1,0,0,0,1,1,0,4,1
1.962547,10.0,7.650431,31.6,51,22,32,34,1,1,0,0,0,1,1,0,4,1
1.948853,10.0,7.677502,31.6,51,20,31,33,1,1,0,0,0,1,1,0,4,1
1.927137,10.0,7.489863,31.6,51,20,31,33,1,1,0,0,0,1,1,0,4,1
1.897657,10.0,7.463408,31.6,51,20,31,35,1,1,0,0,0,1,1,0,4,1
1.897657,10.0,7.489863,31.6,51,21,31,34,1,1,0,0,0,1,1,0,4,1
1.87649,10.0,7.569753,31.6,52,21,31,34,1,1,0,0,0,1,1,0,4,1
1.881761,10.0,7.556383,31.7,52,21,31,33,1,1,0,0,0,1,1,0,4,1
1.850349,10.0,7.503123,31.7,52,21,31,34,1,1,0,0,0,1,1,0,4,1
1.881761,10.0,7.476625,31.7,51,21,32,36,1,1,0,0,0,1,1,0,4,1
1.858155,10.0,7.371487,31.7,51,21,32,36,1,1,0,0,0,1,1,0,4,1
1.858155,10.0,7.332413,31.7,51,21,32,36,1,1,0,0,0,1,1,0,4,1
1.860763,10.0,7.345416,31.7,51,23,33,36,1,1,0,0,0,1,1,0,4,1
1.868611,10.0,7.254838,31.7,51,23,33,36,1,1,0,0,0,1,1,0,4,1
1.850349,10.0,7.371487,31.7,51,22,32,35,1,1,0,0,0,1,1,0,4,1
1.83741,10.0,7.463408,31.8,51,22,31,34,1,1,0,0,0,1,1,0,4,1
1.83999,10.0,7.410753,31.8,51,22,32,34,1,1,0,0,0,1,1,0,4,1
1.860763,10.0,7.29353,31.8,51,22,32,34,1,1,0,0,0,1,1,0,4,1
1.842575,10.0,7.371487,31.8,51,22,31,33,1,1,0,0,0,1,1,0,4,1
1.845163,10.0,7.319431,31.8,51,22,31,33,1,1,0,0,0,1,1,0,4,1
1.83999,10.0,7.165286,31.8,51,21,31,33,1,1,0,0,0,1,1,0,4,1
1.850349,10.0,7.306471,31.9,51,21,31,33,1,1,0,0,0,1,1,0,4,1
1.845163,10.0,7.216332,31.9,51,22,32,34,1,1,0,0,0,1,1,0,4,1
1.83741,10.0,7.152575,31.9,51,21,31,33,1,1,0,0,0,1,1,0,4,1
1.85555,10.0,7.139885,31.9,50,22,32,34,1,1,0,0,0,1,1,0,4,1
1.83999,10.0,7.254838,31.9,50,22,32,34,1,1,0,0,0,1,1,0,4,1
1.845163,10.0,7.165286,32.0,50,22,32,34,1,1,0,0,0,1,2,0,5,2
1.83741,10.0,7.152575,32.0,50,22,32,34,1,1,0,0,0,1,2,0,5,2
1.83999,10.0,7.267715,32.0,50,22,32,34,1,1,0,0,0,1,2,0,5,2
1.845163,10.0,7.139885,32.0,50,21,31,33,1,1,0,0,0,1,2,0,5,2
1.852947,10.0,7.051636,32.1,50,21,30,32,1,1,0,0,0,1,2,0,5,2
50.0,10.0,1.995971,27.5,57,29,43,50,1,1,1,0,0,2,0,1,6,2
44.72811,10.0,2.649865,27.5,57,29,43,50,1,1,1,0,0,2,0,1,6,2
23.89332,10.0,3.498967,27.5,57,29,43,50,1,1,1,0,0,2,0,1,6,2
16.32661,10.0,4.083545,27.6,57,29,43,50,1,1,1,0,0,2,0,1,6,2
12.64203,10.0,4.573337,27.6,57,29,43,50,1,1,1,0,0,2,0,1,6,2
11.34145,10.0,5.140437,27.6,57,30,45,54,1,1,1,0,0,2,0,1,6,2
9.435068,10.0,5.521128,27.7,57,30,45,54,1,1,1,0,0,2,0,1,6,2
8.477617,10.0,5.820003,27.7,57,30,45,54,1,1,1,0,0,1,0,1,5,2
7.491593,10.0,6.199728,27.8,57,29,44,55,1,1,1,0,0,1,0,1,5,2
6.070483,10.0,6.684578,27.8,57,30,45,56,1,1,1,0,0,1,0,1,5,2
5.755629,10.0,6.589673,27.9,57,30,44,54,1,1,1,0,0,1,0,1,5,2
5.377256,10.0,6.566137,27.9,56,31,45,54,1,1,1,0,0,1,0,1,5,2
4.923311,10.0,6.744522,28.0,56,31,45,54,1,1,1,0,0,1,0,1,5,2
2.800391,10.0,7.114567,28.2,56,28,42,49,1,1,0,0,0,1,1,1,5,2
2.780772,10.0,6.939637,28.3,56,28,41,49,1,1,0,0,0,1,1,1,5,2
2.734274,10.0,6.744522,28.8,56,28,41,49,1,1,0,0,0,1,1,1,5,2
2.726603,10.0,6.85365,29.3,55,28,41,49,1,1,0,0,0,1,1,0,4,1
2.726603,10.0,6.804952,29.8,54,28,41,49,1,1,0,0,0,1,1,0,4,1
2.692368,10.0,6.91497,30.3,53,28,41,50,1,1,1,0,0,1,1,0,5,2
2.66605,10.0,7.051636,30.4,53,29,42,51,1,1,1,0,0,1,1,0,5,2
2.65858,10.0,6.85365,30.4,53,29,42,51,1,1,1,0,0,1,1,0,5,2
2.606899,10.0,6.989212,30.5,52,29,42,51,1,1,1,0,0,1,1,0,5,2
2.588696,10.0,7.01412,30.6,52,29,44,51,1,1,1,0,0,1,1,0,5,2
2.567024,10.0,6.939637,30.6,52,29,44,51,1,1,1,0,0,1,1,0,5,2
2.447711,10.0,7.319431,30.7,52,28,42,50,1,1,1,0,0,1,1,0,5,2
2.410339,10.0,7.556383,30.8,51,29,43,51,1,1,1,0,0,1,1,0,5,2
2.38686,10.0,7.437037,30.8,51,28,43,51,1,1,1,0,0,1,1,0,5,2
2.400247,10.0,7.596558,30.9,51,29,44,52,1,1,1,0,0,1,1,0,5,2
2.353722,10.0,7.623449,30.9,51,29,44,52,1,1,1,0,0,1,1,0,5,2
2.337328,10.0,7.516406,30.9,50,28,43,51,1,1,1,0,0,1,1,0,5,2
2.334063,10.0,7.650431,31.0,50,29,44,52,1,1,1,0,0,1,1,0,5,2
2.298452,10.0,7.650431,31.0,50,29,44,52,1,1,1,0,0,1,1,0,5,2
2.288835,10.0,7.677502,31.0,50,28,43,51,1,1,1,0,0,1,1,0,5,2
2.298452,10.0,7.677502,31.0,50,30,43,50,1,1,1,0,0,1,1,0,5,2
2.263389,10.0,7.677502,31.0,49,29,42,49,1,1,0,0,0,1,1,0,4,1
2.269723,10.0,7.556383,31.0,49,29,41,49,1,1,0,0,0,1,1,0,4,1
2.216438,10.0,7.841792,31.0,49,29,43,50,1,1,1,0,0,1,1,0,5,2
2.194862,10.0,7.69107,31.0,49,29,43,50,1,1,1,0,0,1,1,0,5,2
2.222641,10.0,7.569753,31.0,49,28,42,49,1,1,0,0,0,1,1,0,4,1
2.197932,10.0,7.63693,31.0,49,29,43,52,1,1,1,0,0,1,1,0,5,2
2.176536,10.0,7.731905,31.0,49,29,43,52,1,1,1,0,0,1,1,0,5,2
2.173496,10.0,7.69107,31.0,49,29,44,53,1,1,1,0,0,1,1,0,5,2
2.173496,10.0,7.63693,31.0,49,28,43,52,1,1,1,0,0,1,1,0,5,2
2.140337,10.0,7.63693,31.0,49,28,43,52,1,1,1,0,0,1,1,0,5,2
2.128404,10.0,7.718272,31.0,49,29,43,50,1,1,1,0,0,1,1,0,5,2
2.122461,10.0,7.63693,31.0,49,29,42,50,1,1,1,0,0,1,1,0,5,2
2.128404,10.0,7.556383,31.0,49,29,42,50,1,1,1,0,0,1,1,0,5,2
2.098858,10.0,7.556383,31.0,49,28,44,52,1,1,1,0,0,1,1,0,5,2
2.084237,10.0,7.623449,30.9,49,28,44,52,1,1,1,0,0,1,1,0,5,2
2.101794,10.0,7.63693,30.9,49,29,44,51,1,1,1,0,0,1,1,0,5,2
2.075512,10.0,7.731905,30.9,49,29,44,51,1,1,1,0,0,1,1,0,5,2
2.078416,10.0,7.69107,30.9,49,28,43,51,1,1,1,0,0,1,1,0,5,2
2.084237,10.0,7.556383,30.9,49,28,42,50,1,1,1,0,0,1,1,0,5,2
2.055295,10.0,7.569753,30.9,49,29,43,51,1,1,1,0,0,1,1,0,5,2
2.072612,10.0,7.463408,30.9,49,29,43,51,1,1,1,0,0,1,1,0,5,2
2.063936,10.0,7.543036,30.9,49,29,43,51,1,1,1,0,0,1,1,0,5,2
2.066824,10.0,7.556383,30.9,49,29,43,51,1,1,1,0,0,1,1,0,5,2
2.055295,10.0,7.543036,30.8,49,29,43,51,1,1,1,0,0,1,1,0,5,2
2.040972,10.0,7.516406,30.8,49,29,43,52,1,1,1,0,0,1,1,0,5,2
2.03527,10.0,7.516406,30.8,49,28,42,51,1,1,1,0,0,1,1,0,5,2
2.029585,10.0,7.556383,30.8,49,29,44,53,1,1,1,0,0,1,1,0,5,2
2.029585,10.0,7.556383,30.8,49,29,44,53,1,1,1,0,0,1,1,0,5,2
2.009804,10.0,7.569753,30.8,49,29,44,53,1,1,1,0,0,1,1,0,5,2
2.006994,10.0,7.516406,30.8,49,29,44,53,1,1,1,0,0,1,1,0,5,2
2.001385,10.0,7.463408,30.8,49,28,42,49,1,1,0,0,0,1,1,0,4,1
2.026747,10.0,7.543036,30.8,50,28,41,50,1,1,1,0,0,1,1,0,5,2
1.998586,10.0,7.650431,30.8,50,28,41,50,1,1,1,0,0,1,1,0,5,2
2.029585,10.0,7.52971,30.8,50,28,42,50,1,1,1,0,0,1,1,0,5,2
2.023913,10.0,7.476625,30.8,50,29,42,50,1,1,1,0,0,1,1,0,5,2
1.993,10.0,7.543036,30.8,50,28,44,52,1,1,1,0,0,1,1,0,5,2
2.006994,10.0,7.384553,30.8,50,28,44,52,1,1,1,0,0,1,1,0,5,2
1.98465,10.0,7.516406,30.8,50,28,44,53,1,1,1,0,0,1,1,0,5,2
1.018312,10.0,9.847184,28.6,54,23,31,34,1,1,0,0,0,0,1,0,3,0
1.027539,10.0,10.09029,28.6,54,23,32,34,1,1,0,0,0,0,1,0,3,0
1.032178,10.0,10.33921,28.7,54,23,32,34,1,1,0,0,0,0,1,0,3,0
1.043069,10.0,10.23181,28.7,54,23,32,35,1,1,0,0,0,0,1,0,3,0
1.033728,10.0,10.21401,28.7,54,24,33,36,1,1,0,0,0,0,1,0,3,0
1.043069,10.0,10.12549,28.7,54,24,33,36,1,1,0,0,0,0,1,0,3,0
1.043069,10.0,10.16081,28.7,54,24,33,36,1,1,0,0,0,0,1,0,3,0
1.044632,10.0,10.17851,28.7,54,23,32,34,1,1,0,0,0,0,1,0,3,0
1.047765,10.0,10.10787,28.7,54,23,33,35,1,1,0,0,0,0,1,0,3,0
1.043069,10.0,10.44771,28.7,54,23,33,35,1,1,0,0,0,0,1,0,3,0
1.046198,10.0,10.32123,28.7,54,22,32,34,1,1,0,0,0,0,1,0,3,0
1.044632,10.0,10.0028,28.7,54,23,33,35,1,1,0,0,0,0,1,0,3,0
1.044632,10.0,10.19625,28.7,54,24,33,37,1,1,0,0,0,0,1,0,3,0
1.047765,10.0,10.16081,28.7,54,22,31,34,1,1,0,0,0,0,1,0,3,0
1.039948,10.0,10.41142,28.7,54,22,31,35,1,1,0,0,0,0,1,0,3,0
1.047765,10.0,10.0552,28.7,54,22,32,36,1,1,0,0,0,0,1,0,3,0
1.047765,10.0,9.119339,28.8,54,22,32,36,1,1,0,0,0,0,1,0,3,0
1.019845,10.0,9.476554,28.8,54,22,33,37,1,1,0,0,0,0,1,0,3,0
1.043069,10.0,9.199377,28.8,54,22,34,38,1,1,0,0,0,0,1,0,3,0
1.047765,10.0,8.945597,28.8,54,22,34,38,1,1,0,0,0,0,1,0,3,0
1.047765,10.0,9.103414,28.8,54,22,34,38,1,1,0,0,0,0,1,0,3,0
1.046198,10.0,9.103414,28.8,54,22,32,37,1,1,0,0,0,0,1,0,3,0
1.041507,10.0,9.215465,28.8,54,22,33,37,1,1,0,0,0,0,1,0,3,0
1.047765,10.0,9.183317,28.8,54,22,33,37,1,1,0,0,0,0,1,0,3,0
1.044632,10.0,8.992666,28.8,54,23,34,38,1,1,0,0,0,0,1,0,3,0
1.039948,10.0,9.087513,28.8,54,21,32,36,1,1,0,0,0,0,1,0,3,0
1.047765,10.0,9.167283,28.8,54,22,33,37,1,1,0,0,0,0,1,0,3,0
1.039948,10.0,9.103414,28.7,54,21,32,36,1,1,0,0,0,0,1,0,3,0
1.046198,10.0,9.087513,28.7,54,21,32,36,1,1,0,0,0,0,1,0,3,0
1.046198,10.0,9.280083,28.7,54,21,32,36,1,1,0,0,0,0,1,0,3,0
1.043069,10.0,9.135297,28.7,54,21,32,35,1,1,0,0,0,0,1,0,3,0
1.046198,10.0,9.039973,28.7,54,22,33,36,1,1,0,0,0,0,1,0,3,0
1.043069,10.0,9.312554,28.7,54,21,31,33,1,1,0,0,0,0,1,0,3,0
1.039948,10.0,9.231577,28.7,54,22,32,34,1,1,0,0,0,0,1,0,3,0
1.046198,10.0,9.135297,28.7,54,21,31,33,1,1,0,0,0,0,1,0,3,0
1.047765,10.0,9.055792,28.6,54,22,32,34,1,1,0,0,0,0,1,0,3,0
1.046198,10.0,9.087513,28.6,54,22,32,35,1,1,0,0,0,0,1,0,3,0
1.043069,10.0,8.80579,28.6,54,22,32,36,1,1,0,0,0,0,1,0,3,0
1.03839,10.0,9.215465,28.6,54,21,32,36,1,1,0,0,0,0,1,0,3,0
1.046198,10.0,9.312554,28.6,55,22,33,37,1,1,0,0,0,0,1,0,3,0
1.044632,10.0,9.215465,28.6,55,21,32,35,1,1,0,0,0,0,1,0,3,0
1.03839,10.0,9.231577,28.6,55,22,32,37,1,1,0,0,0,0,1,0,3,0
1.046198,10.0,9.24772,28.6,55,22,32,35,1,1,0,0,0,0,1,0,3,0
1.03528,10.0,9.055792,28.6,55,22,32,34,1,1,0,0,0,0,1,0,3,0
1.041507,10.0,9.296304,28.6,55,23,32,34,1,1,0,0,0,0,1,0,3,0
1.046198,10.0,9.103414,28.6,55,22,31,33,1,1,0,0,0,0,1,0,3,0
1.03528,10.0,9.263885,28.6,55,23,32,34,1,1,0,0,0,0,1,0,3,0
1.043069,10.0,9.394209,28.6,55,22,31,33,1,1,0,0,0,0,1,0,3,0
1.041507,10.0,9.103414,28.6,55,22,33,35,1,1,0,0,0,0,1,0,3,0
1.046198,10.0,8.945597,28.6,55,21,31,33,1,1,0,0,0,0,1,0,3,0
1.043069,10.0,9.410623,28.6,55,21,33,37,1,1,0,0,0,0,1,0,3,0
1.039948,10.0,9.167283,28.6,55,23,35,38,1,1,0,0,0,0,1,0,3,0
1.019845,10.0,9.710818,28.6,55,23,35,38,1,1,0,0,0,0,1,0,3,0
1.046198,10.0,9.151278,28.6,54,23,32,35,1,1,0,0,0,0,1,0,3,0
1.039948,10.0,9.296304,28.6,54,23,32,35,1,1,0,0,0,0,1,0,3,0
1.044632,10.0,9.24772,28.6,54,23,32,34,1,1,0,0,0,0,1,0,3,0
1.044632,10.0,9.103414,28.6,54,23,32,34,1,1,0,0,0,0,1,0,3,0
1.039948,10.0,9.183317,28.6,54,22,32,34,1,1,0,0,0,0,1,0,3,0
1.041507,10.0,9.199377,28.6,54,21,30,31,1,1,0,0,0,0,1,0,3,0
1.03839,10.0,9.119339,28.6,54,21,30,33,1,1,0,0,0,0,1,0,3,0
1.043069,10.0,9.151278,28.6,54,22,32,34,1,1,0,0,0,0,1,0,3,0
1.032178,10.0,9.88156,28.6,55,22,32,34,1,1,0,0,0,0,1,0,3,0
1.03839,10.0,9.215465,28.6,54,23,32,34,1,1,0,0,0,0,1,0,3,0
1.047765,10.0,9.151278,28.6,54,22,32,34,1,1,0,0,0,0,1,0,3,0
1.015252,10.0,9.968017,28.6,54,21,31,33,1,1,0,0,0,0,1,0,3,0
1.039948,10.0,9.215465,28.6,54,22,32,34,1,1,0,0,0,0,1,0,3,0
1.033728,10.0,8.945597,28.6,54,22,32,34,1,1,0,0,0,0,1,0,3,0
1.809245,10.0,12.86956,26.2,61,18,30,30,1,1,0,0,0,1,0,1,4,1
1.778987,10.0,11.59605,26.2,61,18,30,30,1,1,0,0,0,1,0,1,4,1
1.741838,10.0,11.23908,26.2,61,18,30,30,1,1,0,0,0,0,0,1,3,0
1.648624,10.0,11.43604,26.2,61,18,30,30,1,1,0,0,0,0,0,1,3,0
1.630085,10.0,11.21957,26.2,61,19,32,33,1,1,0,0,0,0,0,1,3,0
1.625481,10.0,11.00716,26.2,61,20,30,32,1,1,0,0,0,0,0,1,3,0
1.591329,10.0,10.87405,26.2,61,21,31,33,1,1,0,0,0,0,0,1,3,0
1.566705,10.0,10.87405,26.2,61,21,31,33,1,1,0,0,0,0,0,1,3,0
1.557837,10.0,10.9309,26.3,61,22,32,34,1,1,0,0,0,0,0,1,3,0
1.522824,10.0,10.64953,26.3,61,21,31,33,1,1,0,0,0,0,0,1,3,0
1.522824,10.0,10.35722,26.3,61,21,31,33,1,1,0,0,0,0,0,1,3,0
1.499168,10.0,10.61256,26.4,61,20,31,33,1,1,0,0,0,0,0,1,3,0
1.475844,10.0,10.74252,26.4,61,21,31,34,1,1,0,0,0,0,0,1,3,0
1.482172,10.0,10.52067,26.5,61,20,30,32,1,1,0,0,0,0,0,1,3,0
1.442502,10.0,10.81748,26.6,61,21,31,33,1,1,0,0,0,0,0,1,3,0
1.432221,10.0,10.77994,26.6,61,21,31,33,1,1,0,0,0,0,0,1,3,0
1.294957,10.0,10.96896,28.1,57,22,30,32,1,1,0,0,0,0,1,1,4,1
1.319538,10.0,11.06469,28.1,57,22,30,32,1,1,0,0,0,0,1,1,4,1
1.321445,10.0,10.9309,28.2,57,20,28,30,1,0,0,0,0,0,1,1,3,0
1.325268,10.0,10.9309,28.2,56,19,30,31,1,1,0,0,0,0,1,1,4,1
1.325268,10.0,11.2001,28.2,56,20,30,31,1,1,0,0,0,0,1,1,4,1
1.319538,10.0,11.31746,28.3,56,20,30,31,1,1,0,0,0,0,1,1,4,1
1.325268,10.0,11.18065,28.3,56,20,30,31,1,1,0,0,0,0,1,1,4,1
1.325268,10.0,11.25863,28.3,56,19,31,32,1,1,0,0,0,0,1,1,4,1
1.319538,10.0,11.23908,28.4,56,19,31,32,1,1,0,0,0,0,1,1,4,1
1.325268,10.0,11.16124,28.4,56,19,30,32,1,1,0,0,0,0,1,1,4,1
1.298712,10.0,10.98804,28.6,55,22,31,34,1,1,0,0,0,0,1,0,3,0
1.329099,10.0,9.985395,28.6,55,22,31,34,1,1,0,0,0,0,1,0,3,0
1.323356,10.0,9.950667,28.6,55,22,31,33,1,1,0,0,0,0,1,0,3,0
20.3557,10.0,6.155241,24.7,60,10,14,14,1,0,0,0,0,2,0,1,4,1
14.33466,10.0,6.312206,24.7,60,9,14,14,0,0,0,0,0,2,0,1,3,0
11.12865,10.0,7.051636,24.8,60,9,14,14,0,0,0,0,0,2,0,1,3,0
9.727137,10.0,7.152575,24.8,60,10,17,17,1,0,0,0,0,2,0,1,4,1
8.163644,10.0,7.855629,24.8,60,12,19,20,1,0,0,0,0,1,0,1,3,0
7.283447,10.0,8.237974,24.9,60,13,20,21,1,0,0,0,0,1,0,1,3,0
6.866386,10.0,8.428221,24.9,60,13,20,21,1,0,0,0,0,1,0,1,3,0
6.315638,10.0,8.637731,25.0,60,13,22,23,1,0,0,0,0,1,0,1,3,0
5.919747,10.0,8.683262,25.1,60,12,20,21,1,0,0,0,0,1,0,1,3,0
5.528275,10.0,8.945597,25.1,60,12,20,21,1,0,0,0,0,1,0,1,3,0
5.120883,10.0,9.377822,25.2,60,12,21,23,1,0,0,0,0,1,0,1,3,0
4.408471,10.0,10.28537,25.3,60,12,22,23,1,0,0,0,0,1,0,1,3,0
4.382489,10.0,9.710818,25.3,59,12,22,22,1,0,0,0,0,1,0,1,3,0
4.224063,10.0,9.710818,25.4,59,12,22,22,1,0,0,0,0,1,0,1,3,0
4.311948,10.0,9.427062,25.5,59,11,22,22,1,0,0,0,0,1,0,1,3,0
4.114088,10.0,9.76174,25.6,59,14,22,22,1,0,0,0,0,1,0,1,3,0
3.949475,10.0,9.812921,25.6,59,12,21,21,1,0,0,0,0,1,0,1,3,0
3.83093,10.0,9.985395,25.7,58,13,22,22,1,0,0,0,0,1,0,1,3,0
3.579883,10.0,10.09029,25.8,58,13,22,22,1,0,0,0,0,1,0,1,3,0
3.53394,10.0,9.830036,25.9,58,14,23,24,1,0,0,0,0,1,0,1,3,0
3.332755,10.0,10.37525,25.9,58,14,23,24,1,0,0,0,0,1,0,1,3,0
3.266972,10.0,10.32123,26.0,58,14,23,24,1,0,0,0,0,1,0,1,3,0
3.06493,10.0,10.37525,26.1,57,14,22,24,1,0,0,0,0,1,0,1,3,0
3.060598,10.0,10.30329,26.2,57,13,22,22,1,0,0,0,0,1,0,1,3,0
3.069271,10.0,10.55733,26.2,57,13,20,20,1,0,0,0,0,1,0,1,3,0
2.937752,10.0,10.37525,26.3,57,13,20,20,1,0,0,0,0,1,0,1,3,0
2.848077,10.0,10.26749,26.4,57,13,20,20,1,0,0,0,0,1,0,1,3,0
2.726603,10.0,10.37525,26.5,56,14,21,21,1,0,0,0,0,1,0,1,3,0
2.66605,10.0,11.18065,26.5,56,13,20,20,1,0,0,0,0,1,0,1,3,0
2.632608,10.0,10.44771,26.6,56,14,21,21,1,0,0,0,0,1,0,1,3,0
2.559843,10.0,11.29781,26.6,56,14,21,21,1,0,0,0,0,1,0,1,3,0
2.595961,10.0,10.57571,26.7,56,14,21,21,1,0,0,0,0,1,0,1,3,0
2.506637,10.0,10.48413,26.8,55,14,21,21,1,0,0,0,0,1,0,0,2,0
2.383525,10.0,10.98804,26.8,55,14,21,21,1,0,0,0,0,1,0,0,2,0
2.475261,10.0,10.48413,26.9,55,14,21,21,1,0,0,0,0,1,0,0,2,0
2.41709,10.0,10.53898,27.0,55,14,21,21,1,0,0,0,0,1,0,0,2,0
2.343871,10.0,10.61256,27.1,55,14,21,21,1,0,0,0,0,1,0,0,2,0
1.419972,10.0,12.58224,28.1,47,6,12,13,0,0,0,0,0,0,1,0,1,0
1.446632,10.0,13.1635,28.1,47,5,11,12,0,0,0,0,0,0,1,0,1,0
1.46326,10.0,12.89193,28.1,47,6,11,14,0,0,0,0,0,0,1,0,1,0
1.44044,10.0,13.20932,28.1,47,6,12,14,0,0,0,0,0,0,1,0,1,0
1.409835,10.0,12.86956,28.1,47,5,9,12,0,0,0,0,0,0,1,0,1,0
1.56005,10.0,13.20932,28.1,47,5,9,12,0,0,0,0,0,0,1,0,1,0
1.660309,10.0,13.14065,28.1,47,5,9,10,0,0,0,0,0,0,1,0,1,0
1.667357,10.0,13.00439,28.1,47,5,10,11,0,0,0,0,0,0,1,0,1,0
1.598107,10.0,13.20932,28.1,47,5,10,11,0,0,0,0,0,0,1,0,1,0
1.648624,10.0,12.89193,28.1,46,5,10,11,0,0,0,0,0,0,1,0,1,0
1.662655,10.0,13.07234,28.1,46,6,11,12,0,0,0,0,0,0,1,0,1,0
1.614023,10.0,13.04965,28.1,46,6,11,12,0,0,0,0,0,0,1,0,1,0
1.655625,10.0,11.81972,28.1,46,6,11,12,0,0,0,0,0,0,1,0,1,0
1.616309,10.0,12.95929,28.1,46,6,11,12,0,0,0,0,0,0,1,0,1,0
1.38776,10.0,11.94352,28.1,46,6,10,11,0,0,0,0,0,0,1,0,1,0
1.375849,10.0,12.28002,28.1,46,6,10,11,0,0,0,0,0,0,1,0,1,0
1.385768,10.0,11.84026,28.1,46,5,9,10,0,0,0,0,0,0,1,0,1,0
1.365992,10.0,11.79921,28.1,46,6,11,13,0,0,0,0,0,0,1,0,1,0
1.342588,10.0,12.71403,28.1,46,6,11,13,0,0,0,0,0,0,1,0,1,0
1.373873,10.0,11.73789,28.1,46,5,9,11,0,0,0,0,0,0,1,0,1,0
1.365992,10.0,11.81972,28.1,46,4,8,10,0,0,0,0,0,0,1,0,1,0
1.348406,10.0,11.84026,28.1,46,4,8,10,0,0,0,0,0,0,1,0,1,0
1.362066,10.0,11.81972,28.1,46,6,14,14,0,0,0,0,0,0,1,0,1,0
1.344525,10.0,11.79921,28.1,46,5,13,13,0,0,0,0,0,0,1,0,1,0
1.346465,10.0,11.6769,28.2,46,6,12,13,0,0,0,0,0,0,1,0,1,0
1.342588,10.0,11.88146,28.2,46,6,12,13,0,0,0,0,0,0,1,0,1,0
1.311931,10.0,11.71753,28.2,46,7,12,13,0,0,0,0,0,0,1,0,1,0
1.327182,10.0,11.81972,28.2,46,4,10,11,0,0,0,0,0,0,1,0,1,0
1.31573,10.0,11.69719,28.2,46,4,10,11,0,0,0,0,0,0,1,0,1,0
1.331019,10.0,11.69719,28.2,46,6,10,11,0,0,0,0,0,0,1,0,1,0
1.296833,10.0,11.84026,28.2,46,5,11,13,0,0,0,0,0,0,1,0,1,0
1.31573,10.0,11.81972,28.3,45,6,11,13,0,0,0,0,0,0,1,0,1,0
1.323356,10.0,11.6769,28.3,45,5,11,12,0,0,0,0,0,0,1,0,1,0
1.308143,10.0,11.6769,28.3,45,6,13,14,0,0,0,0,0,0,1,0,1,0
1.304363,10.0,11.59605,28.3,45,6,13,14,0,0,0,0,0,0,1,0,1,0
1.285609,10.0,11.45592,28.3,45,5,12,13,0,0,0,0,0,0,1,0,1,0
1.296833,10.0,11.53579,28.3,45,7,13,14,0,0,0,0,0,0,1,0,1,0
1.278173,10.0,11.43604,28.3,45,5,12,13,0,0,0,0,0,0,1,0,1,0
34.79357,10.0,3.945476,24.8,58,21,26,26,1,0,0,0,0,2,0,1,4,1
24.20694,10.0,4.068009,24.8,58,21,26,26,1,0,0,0,0,2,0,1,4,1
16.54331,10.0,4.505303,24.8,58,21,26,26,1,0,0,0,0,2,0,1,4,1
12.89558,10.0,5.187929,24.8,58,24,31,32,1,1,0,0,0,2,0,1,5,2
11.06587,10.0,5.947795,24.9,58,22,31,32,1,1,0,0,0,2,0,1,5,2
9.401475,10.0,6.312206,24.9,58,21,29,31,1,0,0,0,0,2,0,1,4,1
8.521643,10.0,6.484361,24.9,58,21,29,31,1,0,0,0,0,1,0,1,3,0
8.108186,10.0,7.306471,25.0,58,21,31,33,1,1,0,0,0,1,0,1,4,1
7.071019,10.0,7.556383,25.0,58,22,30,32,1,1,0,0,0,1,0,1,4,1
6.235872,10.0,8.296078,25.1,58,22,30,32,1,1,0,0,0,1,0,1,4,1
5.82787,10.0,8.607502,25.1,58,22,30,32,1,1,0,0,0,1,0,1,4,1
5.485814,10.0,8.961261,25.2,58,21,29,31,1,0,0,0,0,1,0,1,3,0
5.183571,10.0,8.945597,25.3,58,21,30,33,1,1,0,0,0,1,0,1,4,1
4.871677,10.0,9.443531,25.4,58,22,32,34,1,1,0,0,0,1,0,1,4,1
3.955222,10.0,11.35685,25.4,58,22,32,34,1,1,0,0,0,1,0,1,4,1
3.642178,10.0,10.98804,25.5,57,22,32,34,1,1,0,0,0,1,0,1,4,1
3.419479,10.0,11.31746,25.6,57,22,32,34,1,1,0,0,0,1,0,1,4,1
3.148534,10.0,11.31746,25.7,56,22,31,34,1,1,0,0,0,1,0,1,4,1
3.099836,10.0,11.9228,25.7,55,21,30,33,1,1,0,0,0,1,0,0,3,0
2.908899,10.0,11.47583,25.7,53,22,31,33,1,1,0,0,0,1,0,0,3,0
2.738117,10.0,12.36562,25.6,52,26,38,44,1,1,0,0,0,1,0,0,3,0
2.673542,10.0,12.69197,25.5,52,26,38,44,1,1,0,0,0,1,0,0,3,0
2.581451,10.0,12.98182,25.4,52,27,40,48,1,1,0,0,0,1,0,0,3,0
2.471801,10.0,12.86956,25.3,52,28,43,54,1,1,1,0,0,1,0,0,4,1
2.492642,10.0,12.49514,25.2,52,30,45,54,1,1,1,0,0,1,0,0,4,1
2.340597,10.0,13.20932,25.1,52,29,44,52,1,1,1,0,0,1,0,0,4,1
2.298452,10.0,13.04965,25.0,51,30,46,56,1,1,1,0,0,1,0,0,4,1
2.222641,10.0,12.78045,24.9,52,31,46,55,1,1,1,0,0,1,0,0,4,1
2.164402,10.0,12.45181,24.9,51,31,46,55,1,1,1,0,0,1,0,0,4,1
2.084237,10.0,12.91434,24.8,51,31,46,56,1,1,1,0,0,1,0,0,4,1
2.029585,10.0,13.04965,24.7,51,30,45,56,1,1,1,0,0,1,0,0,4,1
2.021084,10.0,12.86956,24.6,51,31,46,58,1,1,1,0,0,1,0,0,4,1
1.98465,10.0,12.49514,24.6,52,29,44,54,1,1,1,0,0,1,0,0,4,1
1.940682,10.0,12.95929,24.5,52,30,45,55,1,1,1,0,0,1,0,0,4,1
3.513733,10.0,10.68663,24.4,52,30,45,55,1,1,1,0,0,1,0,0,4,1
2.32105,10.0,12.30136,24.3,53,30,45,56,1,1,1,0,0,1,0,0,4,1
1.993,10.0,12.73614,24.3,54,30,45,56,1,1,1,0,0,1,0,0,4,1
1.902985,10.0,12.38711,24.2,55,30,44,54,1,1,1,0,0,1,0,0,4,1
1.821996,10.0,13.20932,24.2,56,30,45,54,1,1,1,0,0,1,0,1,5,2
1.806705,10.0,13.23229,24.2,56,31,46,55,1,1,1,0,0,1,0,1,5,2
6.821931,10.0,10.63103,24.2,56,31,46,55,1,1,1,0,0,1,0,1,5,2
2.427253,10.0,12.47346,24.1,57,31,45,55,1,1,1,0,0,1,0,1,5,2
1.946126,10.0,12.49514,24.1,57,30,45,54,1,1,1,0,0,1,0,1,5,2
1.799106,10.0,13.20932,24.1,57,31,46,56,1,1,1,0,0,1,0,1,5,2
1.667357,10.0,13.72416,24.1,57,29,45,55,1,1,1,0,0,0,0,1,4,1
1.657966,10.0,13.20932,24.1,57,30,46,56,1,1,1,0,0,0,0,1,4,1
1.593586,10.0,13.41753,24.0,57,30,45,54,1,1,1,0,0,0,0,1,4,1
1.555628,10.0,13.74804,23.9,57,30,45,54,1,1,1,0,0,0,0,1,4,1
1.520659,10.0,13.62906,23.8,56,29,43,51,1,1,1,0,0,0,0,1,4,1
1.492774,10.0,13.58176,23.7,56,30,44,52,1,1,1,0,0,0,0,1,4,1
1.467444,10.0,12.95929,23.6,56,30,44,53,1,1,1,0,0,0,0,1,4,1
1.419972,10.0,12.95929,23.5,56,30,46,55,1,1,1,0,0,0,0,1,4,1
1.405798,10.0,13.09507,23.5,56,30,45,54,1,1,1,0,0,0,0,1,4,1
1.362066,10.0,13.70033,23.4,56,30,45,54,1,1,1,0,0,0,0,1,4,1
1.334866,10.0,13.27835,23.4,56,30,45,54,1,1,1,0,0,0,0,1,4,1
1.308143,10.0,12.86956,23.3,56,30,45,54,1,1,1,0,0,0,0,1,4,1
1.31573,10.0,13.27835,23.2,57,30,45,54,1,1,1,0,0,0,0,1,4,1
1.283747,10.0,13.74804,23.2,57,30,45,54,1,1,1,0,0,0,0,1,4,1
1.256089,10.0,13.96489,23.2,57,31,46,55,1,1,1,0,0,0,0,1,4,1
1.241549,10.0,14.03795,23.1,57,30,44,54,1,1,1,0,0,0,0,1,4,1
1.209362,10.0,15.02416,23.1,57,31,45,55,1,1,1,0,0,0,0,1,4,1
1.228946,10.0,15.42226,23.0,57,31,45,55,1,1,1,0,0,0,0,1,4,1
1.246984,10.0,14.23468,23.0,57,31,44,55,1,1,1,0,0,0,0,1,4,1
1.179619,10.0,14.68774,22.9,57,29,44,53,1,1,1,0,0,0,0,1,4,1
1.12864,10.0,15.07662,22.9,58,30,45,54,1,1,1,0,0,0,0,1,4,1
1.103852,10.0,15.94228,22.9,58,27,41,49,1,1,0,0,0,0,0,1,3,0
1.071507,10.0,17.00821,22.9,58,27,41,49,1,1,0,0,0,0,0,1,3,0
1.071507,10.0,17.40027,22.8,57,28,43,51,1,1,1,0,0,0,0,1,4,1
1.052478,10.0,17.52282,22.7,57,29,44,52,1,1,1,0,0,0,0,1,4,1
1.039948,10.0,17.92746,22.4,57,29,44,52,1,1,1,0,0,0,0,1,4,1
1.033728,10.0,17.46144,22.0,57,28,42,51,1,1,1,0,0,0,0,1,4,1
1.019845,10.0,17.30896,21.6,58,29,44,52,1,1,1,0,0,0,0,1,4,1
1.001571,10.0,17.58444,21.2,58,28,43,51,1,1,1,0,0,0,0,1,4,1
0.998551,10.0,17.30896,20.8,59,28,41,50,1,1,1,0,0,0,0,1,4,1
0.983563,10.0,16.50947,20.5,60,28,41,50,1,1,1,0,0,0,0,1,4,1
0.994036,10.0,16.50947,20.3,60,28,42,52,1,1,1,0,0,0,0,1,4,1
0.983563,10.0,16.02604,20.1,61,28,42,52,1,1,1,0,0,0,0,1,4,1
0.965817,10.0,16.19495,19.9,62,28,42,52,1,1,1,0,0,0,0,1,4,1
0.961421,10.0,16.08214,19.8,62,29,44,53,1,1,1,0,0,0,0,1,4,1
0.952676,10.0,15.88669,19.7,63,29,44,53,1,1,1,0,0,0,0,1,4,1
0.942555,10.0,15.85897,19.7,63,29,44,54,1,1,1,0,0,0,0,1,4,1
0.932519,10.0,16.48062,19.7,64,29,43,52,1,1,1,0,0,0,0,1,4,1
0.914107,10.0,16.71294,19.7,64,29,44,53,1,1,1,0,0,0,0,1,4,1
0.912703,10.0,16.08214,19.6,64,29,44,52,1,1,1,0,0,0,0,1,4,1
0.919741,10.0,15.50318,19.6,64,29,43,52,1,1,1,0,0,0,0,1,4,1
0.914107,10.0,15.63903,19.6,64,29,43,52,1,1,1,0,0,0,0,1,4,1
0.919741,10.0,14.76468,19.6,65,30,44,53,1,1,1,0,0,0,0,1,4,1
0.91833,10.0,14.08687,19.6,65,30,43,53,1,1,1,0,0,0,0,1,4,1
0.929668,10.0,14.23468,19.6,65,30,45,55,1,1,1,0,0,0,0,1,4,1
0.933948,10.0,14.5858,19.7,65,29,45,54,1,1,1,0,0,0,0,1,4,1
0.893219,10.0,15.42226,19.8,65,29,45,54,1,1,1,0,0,0,0,1,4,1
0.951225,10.0,14.43425,19.9,66,29,45,54,1,1,1,0,0,0,0,2,5,2
0.909899,10.0,14.38409,20.0,66,29,45,55,1,1,1,0,0,0,0,2,5,2
0.912703,10.0,14.45939,20.1,66,29,46,55,1,1,1,0,0,0,0,2,5,2
0.909899,10.0,14.33411,20.2,66,28,45,54,1,1,1,0,0,0,0,2,5,2
0.908499,10.0,13.9892,20.3,66,28,45,54,1,1,1,0,0,0,0,2,5,2
0.929668,10.0,13.53463,20.3,66,28,45,54,1,1,1,0,0,0,0,2,5,2
0.943996,10.0,12.91434,20.4,66,28,45,54,1,1,1,0,0,0,0,2,5,2
0.931093,10.0,13.20932,20.5,66,30,45,55,1,1,1,0,0,0,0,2,5,2
0.951225,10.0,13.18639,20.7,66,29,43,54,1,1,1,0,0,0,0,2,5,2
0.929668,10.0,13.58176,20.8,65,29,43,52,1,1,1,0,0,0,0,1,4,1
0.88497,10.0,14.40914,20.9,65,29,43,52,1,1,1,0,0,0,0,1,4,1
0.912703,10.0,13.96489,21.0,65,29,44,53,1,1,1,0,0,0,0,1,4,1
0.88497,10.0,14.84204,21.1,65,29,45,54,1,1,1,0,0,0,0,1,4,1
0.893219,10.0,14.94583,21.2,65,29,44,54,1,1,1,0,0,0,0,1,4,1
0.88497,10.0,15.63903,21.2,64,29,44,52,1,1,1,0,0,0,0,1,4,1
0.861919,10.0,15.20859,21.3,64,29,44,52,1,1,1,0,0,0,0,1,4,1
0.865953,10.0,15.31504,21.3,64,29,44,52,1,1,1,0,0,0,0,1,4,1
0.922569,10.0,14.38409,21.2,63,29,44,53,1,1,1,0,0,0,0,1,4,1
0.849907,10.0,15.72113,21.2,63,29,44,54,1,1,1,0,0,0,0,1,4,1
0.857901,10.0,15.36855,21.1,63,28,43,52,1,1,1,0,0,0,0,1,4,1
0.841971,10.0,15.63903,21.0,63,29,44,52,1,1,1,0,0,0,0,1,4,1
0.834092,10.0,15.53025,20.9,63,31,47,56,1,1,1,0,0,0,0,1,4,1
0.813357,10.0,16.33713,20.9,63,31,47,56,1,1,1,0,0,0,0,1,4,1
0.835401,10.0,15.20859,20.8,63,30,46,55,1,1,1,0,0,0,0,1,4,1
0.843289,10.0,14.84204,20.8,63,29,45,55,1,1,1,0,0,0,0,1,4,1
0.819794,10.0,14.91981,20.7,64,30,46,56,1,1,1,0,0,0,0,1,4,1
0.819794,10.0,14.76468,20.6,64,30,46,56,1,1,1,0,0,0,0,1,4,1
0.819794,10.0,14.94583,20.6,64,30,45,54,1,1,1,0,0,0,0,1,4,1
0.835401,10.0,14.40914,20.6,64,30,45,54,1,1,1,0,0,0,0,1,4,1
0.810794,10.0,13.96489,20.6,64,29,44,53,1,1,1,0,0,0,0,1,4,1
0.819794,10.0,14.20993,20.7,64,29,44,53,1,1,1,0,0,0,0,1,4,1
0.813357,10.0,13.55818,20.7,64,29,44,53,1,1,1,0,0,0,0,1,4,1
0.80696,10.0,13.37097,20.7,64,29,44,53,1,1,1,0,0,0,0,1,4,1
0.798068,10.0,13.70033,20.7,64,29,44,53,1,1,1,0,0,0,0,1,4,1
0.785493,10.0,13.79593,20.8,64,29,44,53,1,1,1,0,0,0,0,1,4,1
0.782996,10.0,14.06239,20.8,64,30,44,54,1,1,1,0,0,0,0,1,4,1
0.793019,10.0,13.65278,20.8,64,29,43,51,1,1,1,0,0,0,0,1,4,1
0.768141,10.0,14.89384,20.9,64,30,44,52,1,1,1,0,0,0,0,1,4,1
0.787996,10.0,13.96489,20.9,64,29,43,53,1,1,1,0,0,0,0,1,4,1
0.80314,10.0,13.51113,21.0,64,30,44,54,1,1,1,0,0,0,0,1,4,1
0.793019,10.0,13.09507,21.0,64,30,44,55,1,1,1,0,0,0,0,1,4,1
0.796803,10.0,13.37097,21.0,64,30,45,56,1,1,1,0,0,0,0,1,4,1
0.812075,10.0,13.48766,21.0,64,29,45,55,1,1,1,0,0,0,0,1,4,1
0.8006,10.0,13.37097,21.1,64,29,44,54,1,1,1,0,0,0,0,1,4,1
0.784244,10.0,12.89193,21.1,64,29,44,54,1,1,1,0,0,0,0,1,4,1
0.799333,10.0,12.30136,21.2,64,29,45,55,1,1,1,0,0,0,0,1,4,1
0.779262,10.0,13.07234,21.3,64,30,46,55,1,1,1,0,0,0,0,1,4,1
0.793019,10.0,12.62602,21.4,64,29,45,54,1,1,1,0,0,0,0,1,4,1
0.776781,10.0,13.39423,21.5,64,31,46,56,1,1,1,0,0,0,0,1,4,1
0.80696,10.0,13.41753,21.6,64,31,46,56,1,1,1,0,0,0,0,1,4,1
0.766913,10.0,14.06239,21.7,64,29,46,56,1,1,1,0,0,0,0,1,4,1
0.78175,10.0,13.51113,21.8,63,29,45,55,1,1,1,0,0,0,0,1,4,1
0.779262,10.0,13.14065,21.9,63,30,44,54,1,1,1,0,0,0,0,1,4,1
0.810794,10.0,13.60539,21.9,63,30,44,54,1,1,1,0,0,0,0,1,4,1
0.882234,10.0,12.19502,22.0,63,28,44,54,1,1,1,0,0,0,0,1,4,1
0.909899,10.0,11.79921,22.0,63,29,44,52,1,1,1,0,0,0,0,1,4,1
0.932519,10.0,11.61621,22.1,63,27,41,48,1,1,0,0,0,0,0,1,3,0
0.952676,10.0,12.23745,22.3,63,26,38,44,1,1,0,0,0,0,0,1,3,0
0.96435,10.0,11.3766,22.4,63,26,38,44,1,1,0,0,0,0,0,1,3,0
0.976137,10.0,11.00716,22.6,63,26,37,43,1,1,0,0,0,0,0,1,3,0
1.00006,10.0,10.9309,22.8,63,26,38,43,1,1,0,0,0,0,0,1,3,0
0.977619,10.0,11.35685,23.1,63,25,37,42,1,1,0,0,0,0,0,1,3,0
1.007633,10.0,10.61256,23.3,63,25,37,42,1,1,0,0,0,0,0,1,3,0
1.025996,10.0,10.68663,23.5,63,25,35,40,1,1,0,0,0,0,0,1,3,0
1.02138,10.0,10.57571,23.7,63,23,34,41,1,1,0,0,0,0,0,1,3,0
1.046198,10.0,10.74252,23.9,62,23,34,41,1,1,0,0,0,0,0,1,3,0
1.044632,10.0,10.52067,24.1,62,23,34,39,1,1,0,0,0,0,0,1,3,0
1.047765,10.0,10.4659,24.3,61,23,35,41,1,1,0,0,0,0,0,1,3,0
50.0,10.0,1.762419,25.3,57,13,27,27,1,0,0,0,0,2,0,1,4,1
50.0,10.0,3.201337,25.3,57,12,19,19,1,0,0,0,0,2,0,1,4,1
50.0,10.0,4.290076,25.3,57,12,19,19,1,0,0,0,0,2,0,1,4,1
22.02084,10.0,5.28406,25.3,57,12,19,19,1,0,0,0,0,2,0,1,4,1
14.18684,10.0,6.166336,25.3,57,12,19,19,1,0,0,0,0,2,0,1,4,1
10.92123,10.0,6.91497,25.4,57,12,19,19,1,0,0,0,0,2,0,1,4,1
9.285137,10.0,7.064181,25.4,57,12,19,19,1,0,0,0,0,2,0,1,4,1
7.772406,10.0,6.878117,25.4,56,14,22,22,1,0,0,0,0,1,0,1,3,0
7.071019,10.0,7.569753,25.5,56,16,24,24,1,0,0,0,0,1,0,1,3,0
6.275599,10.0,7.569753,25.5,56,18,25,25,1,0,0,0,0,1,0,1,3,0
5.468942,10.0,9.039973,25.6,56,18,25,25,1,0,0,0,0,1,0,1,3,0
4.132187,10.0,10.33921,25.7,56,18,26,27,1,0,0,0,0,1,0,1,3,0
3.819853,10.0,10.96896,25.7,56,18,26,26,1,0,0,0,0,1,0,1,3,0
3.5087,10.0,11.49578,25.8,55,18,26,28,1,0,0,0,0,1,0,0,2,0
3.351816,10.0,10.91192,25.9,54,18,26,28,1,0,0,0,0,1,0,0,2,0
3.216281,10.0,10.83631,26.0,52,18,27,27,1,0,0,0,0,1,0,0,2,0
3.193525,10.0,10.63103,26.1,50,21,31,34,1,1,0,0,0,1,0,0,3,0
2.888473,10.0,10.55733,26.3,49,22,32,36,1,1,0,0,0,1,0,0,3,0
2.962729,10.0,9.88156,26.5,48,22,33,37,1,1,0,0,0,1,0,0,3,0
2.673542,10.0,10.39332,26.8,48,22,33,37,1,1,0,0,0,1,0,0,3,0
2.703729,10.0,9.460031,27.0,47,22,33,37,1,1,0,0,0,1,0,0,3,0
2.327547,10.0,10.85516,27.3,46,23,33,37,1,1,0,0,0,1,0,0,3,0
2.437459,10.0,10.4659,27.5,46,24,34,38,1,1,0,0,0,1,0,0,3,0
2.360312,10.0,10.7987,27.8,45,24,35,39,1,1,0,0,0,1,0,0,3,0
2.194862,10.0,11.81972,28.1,45,23,33,36,1,1,0,0,0,1,1,0,4,1
2.069716,10.0,11.55584,28.3,44,23,33,36,1,1,0,0,0,1,1,0,4,1
2.125431,10.0,11.57593,28.6,43,23,33,36,1,1,0,0,0,1,1,0,4,1
1.821996,10.0,11.94352,28.8,42,23,33,36,1,1,0,0,0,1,1,0,4,1
1.990213,10.0,12.30136,29.1,41,23,33,37,1,1,0,0,0,1,1,0,4,1
1.791536,10.0,12.28002,29.3,41,23,33,36,1,1,0,0,0,1,1,0,4,1
1.847754,10.0,10.81748,29.5,40,23,31,36,1,1,0,0,0,1,1,0,4,1
1.778987,10.0,11.39637,29.7,39,23,32,35,1,1,0,0,0,1,1,0,4,1
1.700616,10.0,12.30136,29.8,39,22,32,35,1,1,0,0,0,0,1,0,3,0
1.632392,10.0,13.027,30.0,38,22,32,35,1,1,0,0,0,0,1,0,3,0
1.623184,10.0,12.73614,30.1,37,23,32,36,1,1,0,0,0,0,1,0,3,0
1.518497,10.0,13.74804,30.1,36,22,32,38,1,1,0,0,0,0,1,0,3,0
1.518497,10.0,13.60539,30.2,35,22,32,37,1,1,0,0,0,0,1,0,3,0
1.522824,10.0,13.20932,30.2,35,23,33,38,1,1,0,0,0,0,1,0,3,0
1.452848,10.0,13.23229,30.2,35,23,33,38,1,1,0,0,0,0,1,0,3,0
1.354246,10.0,13.1635,30.2,35,23,33,36,1,1,0,0,0,0,1,0,3,0
1.26525,10.0,13.32458,30.2,35,24,34,37,1,1,0,0,0,0,1,0,3,0
1.227154,10.0,14.79042,30.3,35,22,33,37,1,1,0,0,0,0,1,0,3,0
1.334866,10.0,14.13597,30.3,35,22,32,36,1,1,0,0,0,0,1,0,3,0
1.373873,10.0,12.91434,30.3,34,22,32,36,1,1,0,0,0,0,1,1,4,1
1.188302,10.0,13.20932,30.3,33,22,32,36,1,1,0,0,0,0,1,1,4,1
1.164126,10.0,13.55818,30.3,33,23,33,37,1,1,0,0,0,0,1,1,4,1
1.190044,10.0,12.51685,30.3,33,22,32,35,1,1,0,0,0,0,1,1,4,1
1.150499,10.0,12.75828,30.3,33,22,32,35,1,1,0,0,0,0,1,1,4,1
1.125309,10.0,12.78045,30.3,32,22,33,36,1,1,0,0,0,0,1,1,4,1
1.071507,10.0,13.20932,30.3,32,23,34,38,1,1,0,0,0,0,1,1,4,1
1.061958,10.0,14.998,30.2,32,23,35,38,1,1,0,0,0,0,1,1,4,1
1.049334,10.0,13.58176,30.2,31,23,35,38,1,1,0,0,0,0,1,1,4,1
1.071507,10.0,13.20932,30.2,32,23,35,38,1,1,0,0,0,0,1,1,4,1
0.998551,10.0,13.44086,30.1,31,21,32,35,1,1,0,0,0,0,1,1,4,1
1.024456,10.0,13.58176,30.0,31,22,33,36,1,1,0,0,0,0,1,1,4,1
2.075512,10.0,11.06469,29.9,31,22,33,36,1,1,0,0,0,1,1,1,5,2
1.461173,10.0,11.53579,29.9,31,22,33,36,1,1,0,0,0,0,1,1,4,1
1.586826,10.0,10.89297,29.8,34,22,33,36,1,1,0,0,0,0,1,1,4,1
1.198792,10.0,14.48458,29.8,38,22,33,36,1,1,0,0,0,0,1,0,3,0
1.065133,10.0,13.94063,29.8,40,22,33,36,1,1,0,0,0,0,1,0,3,0
1.016781,10.0,13.9892,29.8,42,21,32,35,1,1,0,0,0,0,1,0,3,0
1.004598,10.0,14.48458,29.8,42,21,32,35,1,1,0,0,0,0,1,0,3,0
1.004598,10.0,13.2553,29.8,40,21,32,35,1,1,0,0,0,0,1,0,3,0
0.998551,10.0,13.58176,29.7,37,21,32,35,1,1,0,0,0,0,1,0,3,0
0.991035,10.0,13.9892,29.5,35,22,32,35,1,1,0,0,0,0,1,0,3,0
0.995539,10.0,13.79593,29.4,35,22,32,34,1,1,0,0,0,0,1,0,3,0
0.96435,10.0,13.1635,29.3,35,21,31,34,1,1,0,0,0,0,1,0,3,0
0.929668,10.0,13.89223,29.2,35,22,32,34,1,1,0,0,0,0,1,0,3,0
0.980587,10.0,13.20932,29.1,35,21,32,35,1,1,0,0,0,0,1,0,3,0
0.951225,10.0,12.40864,29.1,35,21,32,35,1,1,0,0,0,0,1,0,3,0
0.915513,10.0,12.91434,29.0,35,22,33,37,1,1,0,0,0,0,1,0,3,0
0.971703,10.0,12.84722,29.0,35,22,33,37,1,1,0,0,0,0,1,0,3,0
0.931093,10.0,12.91434,29.0,35,21,31,34,1,1,0,0,0,0,1,0,3,0
0.88634,10.0,12.86956,29.0,35,22,32,35,1,1,0,0,0,0,1,0,3,0
0.923985,10.0,11.77873,29.0,35,22,32,35,1,1,0,0,0,0,1,0,3,0
0.89184,10.0,11.6769,29.0,35,21,31,34,1,1,0,0,0,0,1,0,3,0
0.914107,10.0,12.49514,29.0,35,22,32,34,1,1,0,0,0,0,1,0,3,0
0.882234,10.0,11.79921,29.0,35,22,32,34,1,1,0,0,0,0,1,0,3,0
0.867301,10.0,11.69719,29.0,35,22,32,35,1,1,0,0,0,0,1,0,3,0
0.827569,10.0,12.30136,29.0,35,22,32,35,1,1,0,0,0,0,1,0,3,0
0.861919,10.0,11.3766,29.0,35,22,32,35,1,1,0,0,0,0,1,0,3,0
0.849907,10.0,11.94352,29.1,35,23,33,36,1,1,0,0,0,0,1,0,3,0
0.834092,10.0,13.20932,29.1,35,23,33,36,1,1,0,0,0,0,1,0,3,0
0.809514,10.0,13.65278,29.2,34,22,34,38,1,1,0,0,0,0,1,1,4,1
0.821086,10.0,13.20932,29.2,34,22,33,36,1,1,0,0,0,0,1,1,4,1
0.801869,10.0,13.94063,29.3,34,21,32,35,1,1,0,0,0,0,1,1,4,1
0.836711,10.0,13.55818,29.3,34,22,32,34,1,1,0,0,0,0,1,1,4,1
0.818503,10.0,12.38711,29.3,34,22,32,34,1,1,0,0,0,0,1,1,4,1
0.798068,10.0,12.95929,29.3,34,22,32,35,1,1,0,0,0,0,1,1,4,1
0.780506,10.0,13.34776,29.3,33,21,31,34,1,1,0,0,0,0,1,1,4,1
0.779262,10.0,13.27835,29.2,33,21,31,34,1,1,0,0,0,0,1,1,4,1
0.778021,10.0,13.70033,29.2,33,22,32,34,1,1,0,0,0,0,1,1,4,1
0.768141,10.0,13.11784,29.2,33,22,32,34,1,1,0,0,0,0,1,1,4,1
0.754711,10.0,13.32458,29.1,33,22,31,33,1,1,0,0,0,0,1,1,4,1
0.755925,10.0,14.03795,29.1,33,22,31,33,1,1,0,0,0,0,1,1,4,1
0.734302,10.0,14.30919,29.0,33,23,32,36,1,1,0,0,0,0,1,1,4,1
0.758356,10.0,14.63668,29.0,33,23,32,36,1,1,0,0,0,0,1,1,4,1
0.746257,10.0,14.38409,28.9,33,22,31,34,1,1,0,0,0,0,1,1,4,1
0.752288,10.0,14.48458,28.9,33,22,31,34,1,1,0,0,0,0,1,1,4,1
0.743854,10.0,14.76468,28.8,33,22,31,34,1,1,0,0,0,0,1,1,4,1
0.745055,10.0,13.96489,28.7,33,23,32,36,1,1,0,0,0,0,1,1,4,1
0.751079,10.0,13.96489,28.6,33,23,32,36,1,1,0,0,0,0,1,1,4,1
0.72484,10.0,13.96489,28.5,33,23,33,36,1,1,0,0,0,0,1,1,4,1
0.715469,10.0,13.41753,28.5,33,23,32,36,1,1,0,0,0,0,1,1,4,1
0.718973,10.0,12.86956,28.4,33,23,32,34,1,1,0,0,0,0,1,1,4,1
0.715469,10.0,12.71403,28.4,34,23,32,34,1,1,0,0,0,0,1,1,4,1
0.723664,10.0,12.62602,28.3,34,22,31,34,1,1,0,0,0,0,1,1,4,1
0.709658,10.0,13.72416,28.3,34,23,32,35,1,1,0,0,0,0,1,1,4,1
0.718973,10.0,13.14065,28.3,34,22,31,34,1,1,0,0,0,0,1,1,4,1
0.703881,10.0,12.62602,28.3,34,22,31,36,1,1,0,0,0,0,1,1,4,1
0.70273,10.0,12.47346,28.3,34,22,31,34,1,1,0,0,0,0,1,1,4,1
0.70273,10.0,12.56041,28.4,34,21,31,34,1,1,0,0,0,0,1,1,4,1
0.699285,10.0,12.73614,28.4,34,21,31,35,1,1,0,0,0,0,1,1,4,1
0.703881,10.0,12.28002,28.4,34,22,32,34,1,1,0,0,0,0,1,1,4,1
0.70273,10.0,11.90211,28.4,34,23,32,34,1,1,0,0,0,0,1,1,4,1
0.696995,10.0,13.53463,28.4,34,23,33,35,1,1,0,0,0,0,1,1,4,1
0.691294,10.0,13.81995,28.4,34,23,33,36,1,1,0,0,0,0,1,1,4,1
0.690158,10.0,13.79593,28.4,34,22,32,35,1,1,0,0,0,0,1,1,4,1
0.682244,10.0,13.9892,28.4,34,21,32,36,1,1,0,0,0,0,1,1,4,1
0.686758,10.0,14.50982,28.4,34,22,33,36,1,1,0,0,0,0,1,1,4,1
0.661093,10.0,15.63903,28.3,34,22,33,37,1,1,0,0,0,0,1,1,4,1
0.682244,10.0,14.79042,28.3,34,22,33,37,1,1,0,0,0,0,1,1,4,1
0.691294,10.0,14.68774,28.2,34,23,32,35,1,1,0,0,0,0,1,1,4,1
0.674395,10.0,15.05037,28.1,34,23,32,35,1,1,0,0,0,0,1,1,4,1
0.678872,10.0,14.71334,28.1,34,22,32,36,1,1,0,0,0,0,1,1,4,1
0.665506,10.0,14.33411,28.0,35,23,33,37,1,1,0,0,0,0,0,0,2,0
0.666612,10.0,13.96489,27.9,35,24,33,37,1,1,0,0,0,0,0,0,2,0
0.666612,10.0,13.81995,27.8,35,24,33,37,1,1,0,0,0,0,0,0,2,0
0.662194,10.0,13.70033,27.7,35,23,32,36,1,1,0,0,0,0,0,0,2,0
0.66772,10.0,13.55818,27.6,35,23,33,38,1,1,0,0,0,0,0,0,2,0
0.654513,10.0,13.91641,27.6,35,21,32,35,1,1,0,0,0,0,0,0,2,0
0.665506,10.0,13.58176,27.6,35,22,34,38,1,1,0,0,0,0,0,0,2,0
0.659993,10.0,13.37097,27.6,35,22,34,38,1,1,0,0,0,0,0,0,2,0
0.654513,10.0,13.44086,27.6,35,23,33,38,1,1,0,0,0,0,0,0,2,0
0.645813,10.0,14.43425,27.6,35,23,33,38,1,1,0,0,0,0,0,0,2,0
0.80314,10.0,12.30136,27.6,36,22,32,38,1,1,0,0,0,0,0,0,2,0
50.0,10.0,0.68168,25.4,62,15,21,21,1,0,0,0,0,2,0,1,4,1
50.0,10.0,1.190498,25.4,62,11,20,20,1,0,0,0,0,2,0,1,4,1
50.0,10.0,2.018269,25.4,62,11,20,20,1,0,0,0,0,2,0,1,4,1
50.0,10.0,2.688581,25.4,62,11,20,20,1,0,0,0,0,2,0,1,4,1
32.61188,10.0,3.377357,25.4,62,12,20,20,1,0,0,0,0,2,0,1,4,1
19.08943,10.0,4.371806,25.4,62,12,20,20,1,0,0,0,0,2,0,1,4,1
15.23619,10.0,4.908572,25.5,62,12,20,20,1,0,0,0,0,2,0,1,4,1
12.37098,10.0,5.332703,25.5,62,16,27,27,1,0,0,0,0,2,0,1,4,1
10.21629,10.0,5.937052,25.5,62,20,31,33,1,1,0,0,0,2,0,1,5,2
8.91603,10.0,6.300878,25.5,62,21,31,35,1,1,0,0,0,2,0,1,5,2
7.64312,10.0,7.114567,25.6,62,21,31,35,1,1,0,0,0,1,0,1,4,1
7.152685,10.0,7.139885,25.6,62,22,32,36,1,1,0,0,0,1,0,1,4,1
6.594396,10.0,7.267715,25.7,62,22,32,35,1,1,0,0,0,1,0,1,4,1
6.089657,10.0,7.583144,25.7,62,22,32,35,1,1,0,0,0,1,0,1,4,1
5.66686,10.0,7.772944,25.8,62,22,31,34,1,1,0,0,0,1,0,1,4,1
5.279345,10.0,7.841792,25.8,62,22,32,34,1,1,0,0,0,1,0,1,4,1
5.051439,10.0,8.037601,25.9,62,22,32,34,1,1,0,0,0,1,0,1,4,1
4.500832,10.0,8.698488,26.0,62,22,32,34,1,1,0,0,0,1,0,1,4,1
4.447781,10.0,8.310662,26.0,62,23,33,36,1,1,0,0,0,1,0,1,4,1
4.3056,10.0,8.457853,26.1,62,23,32,34,1,1,0,0,0,1,0,1,4,1
4.126144,10.0,8.443026,26.2,62,21,31,33,1,1,0,0,0,1,0,1,4,1
3.926577,10.0,8.637731,26.3,61,21,31,33,1,1,0,0,0,1,0,1,4,1
3.797805,10.0,8.836679,26.3,61,21,31,33,1,1,0,0,0,1,0,1,4,1
3.579883,10.0,8.976951,26.4,61,22,32,34,1,1,0,0,0,1,0,1,4,1
3.483661,10.0,8.883203,26.5,61,21,31,33,1,1,0,0,0,1,0,1,4,1
3.429267,10.0,8.775006,26.6,61,21,31,34,1,1,0,0,0,1,0,1,4,1
3.271623,10.0,8.914349,26.7,61,22,32,35,1,1,0,0,0,1,0,1,4,1
3.220854,10.0,9.103414,26.8,60,22,31,34,1,1,0,0,0,1,0,1,4,1
3.121869,10.0,8.976951,26.8,60,21,31,33,1,1,0,0,0,1,0,1,4,1
3.073617,10.0,9.103414,26.9,60,21,31,33,1,1,0,0,0,1,0,1,4,1
2.996383,10.0,8.961261,27.0,60,21,31,33,1,1,0,0,0,1,0,1,4,1
2.929477,10.0,9.055792,27.1,60,22,32,34,1,1,0,0,0,1,0,1,4,1
2.85209,10.0,9.119339,27.2,60,21,31,33,1,1,0,0,0,1,0,1,4,1
2.513666,10.0,9.830036,27.6,59,22,31,34,1,1,0,0,0,1,0,1,4,1
2.485675,10.0,9.296304,27.7,59,21,31,34,1,1,0,0,0,1,0,1,4,1
2.434052,10.0,9.215465,27.8,58,21,31,33,1,1,0,0,0,1,0,1,4,1
2.413712,10.0,8.992666,27.8,58,21,32,34,1,1,0,0,0,1,0,1,4,1
2.383525,10.0,9.231577,27.9,58,21,32,34,1,1,0,0,0,1,0,1,4,1
2.363614,10.0,9.377822,28.0,58,21,32,34,1,1,0,0,0,1,0,1,4,1
2.327547,10.0,9.119339,28.1,58,21,32,34,1,1,0,0,0,1,1,1,5,2
2.269723,10.0,9.215465,28.1,58,21,32,34,1,1,0,0,0,1,1,1,5,2
2.282446,10.0,9.24772,28.2,57,20,31,33,1,1,0,0,0,1,1,1,5,2
2.222641,10.0,9.410623,28.2,57,20,31,34,1,1,0,0,0,1,1,1,5,2
2.207165,10.0,9.215465,28.3,57,20,29,33,1,0,0,0,0,1,1,1,4,1
2.179579,10.0,9.151278,28.3,57,20,29,33,1,0,0,0,0,1,1,1,4,1
2.155346,10.0,9.215465,28.4,57,20,29,33,1,0,0,0,0,1,1,1,4,1
2.110627,10.0,9.039973,28.5,57,22,30,34,1,1,0,0,0,1,1,1,5,2
2.125431,10.0,9.055792,28.5,57,22,30,34,1,1,0,0,0,1,1,1,5,2
1.98465,10.0,9.183317,28.6,57,21,29,33,1,0,0,0,0,1,1,1,4,1
1.924439,10.0,9.135297,28.6,56,21,30,33,1,1,0,0,0,1,1,1,5,2
1.905653,10.0,9.559588,28.7,56,20,29,30,1,0,0,0,0,1,1,1,4,1
1.913683,10.0,9.744739,28.7,56,20,30,32,1,1,0,0,0,1,1,1,5,2
1.892344,10.0,9.609744,28.8,55,20,30,31,1,1,0,0,0,1,1,0,4,1
1.83999,10.0,9.88156,28.8,54,20,30,31,1,1,0,0,0,1,1,0,4,1
1.829687,10.0,9.847184,28.8,54,20,30,32,1,1,0,0,0,1,1,0,4,1
1.824556,10.0,9.898794,28.9,54,21,32,34,1,1,0,0,0,1,1,0,4,1
1.789019,10.0,10.16081,28.9,53,21,31,33,1,1,0,0,0,1,1,0,4,1
1.766522,10.0,10.23181,28.9,53,20,30,31,1,1,0,0,0,1,1,0,4,1
1.783997,10.0,9.968017,28.9,53,20,29,31,1,0,0,0,0,1,1,0,3,0
1.727184,10.0,10.16081,28.9,53,20,29,31,1,0,0,0,0,0,1,0,2,0
1.754139,10.0,9.968017,28.9,53,20,29,31,1,0,0,0,0,1,1,0,3,0
1.739388,10.0,10.03771,28.9,53,20,29,30,1,0,0,0,0,0,1,0,2,0
1.703016,10.0,10.09029,28.8,53,20,29,30,1,0,0,0,0,0,1,0,2,0
1.707825,10.0,10.19625,28.8,53,20,29,30,1,0,0,0,0,0,1,0,2,0
1.676797,10.0,10.07273,28.8,53,20,29,30,1,0,0,0,0,0,1,0,2,0
1.700616,10.0,9.88156,28.8,53,19,31,33,1,1,0,0,0,0,1,0,3,0
1.650954,10.0,9.88156,28.8,53,20,32,34,1,1,0,0,0,0,1,0,3,0
1.676797,10.0,9.727764,28.8,53,19,30,31,1,1,0,0,0,0,1,0,3,0
1.641649,10.0,9.830036,28.8,53,20,30,31,1,1,0,0,0,0,1,0,3,0
1.657966,10.0,9.933346,28.8,53,27,43,51,1,1,1,0,0,0,1,0,4,1
1.643971,10.0,9.812921,28.7,53,29,44,52,1,1,1,0,0,0,1,0,4,1
1.620889,10.0,9.916056,28.7,53,29,44,52,1,1,1,0,0,0,1,0,4,1
1.632392,10.0,9.985395,28.7,53,32,47,57,1,1,1,0,0,0,1,0,4,1
1.607183,10.0,9.950667,28.7,53,33,49,59,1,1,1,0,0,0,1,0,4,1
1.614023,10.0,9.898794,28.7,53,33,50,60,1,1,1,0,0,0,1,0,4,1
1.602639,10.0,9.778769,28.6,53,35,53,65,1,1,1,0,0,0,1,0,4,1
1.607183,10.0,10.03771,28.6,53,37,54,66,2,1,1,0,0,0,1,0,5,2
1.591329,10.0,9.812921,28.6,53,41,61,70,2,2,1,0,0,0,1,0,6,2
1.591329,10.0,9.898794,28.5,53,42,63,71,2,2,1,0,0,0,1,0,6,2
1.591329,10.0,9.950667,28.5,53,59,89,93,2,2,1,0,0,0,1,0,6,2
1.56005,10.0,10.33921,28.5,53,60,91,94,2,2,1,0,0,0,1,0,6,2
1.591329,10.0,9.744739,28.5,53,67,101,104,2,2,2,0,0,0,1,0,7,2
1.571156,10.0,9.476554,28.4,54,68,101,105,2,2,2,0,0,0,1,0,7,2
1.571156,10.0,9.460031,28.4,54,73,111,115,2,2,2,0,0,0,1,0,7,2
1.520659,10.0,10.33921,28.4,54,73,108,112,2,2,2,0,0,0,1,0,7,2
1.568929,10.0,9.559588,28.4,54,73,110,114,2,2,2,0,0,0,1,0,7,2
1.555628,10.0,9.643323,28.5,54,84,131,138,2,2,2,0,0,0,1,0,7,2
1.54243,10.0,9.727764,28.5,54,83,132,138,2,2,2,0,0,0,1,0,7,2
1.564484,10.0,9.526291,28.5,54,90,142,147,2,2,2,0,0,0,1,0,7,2
1.549016,10.0,9.643323,28.5,54,91,143,147,2,2,2,0,0,0,1,0,7,2
1.549016,10.0,9.427062,28.5,54,102,162,168,2,2,2,0,0,0,1,0,7,2
1.499168,10.0,9.985395,28.5,54,103,164,170,2,2,2,0,0,0,1,0,7,2
1.535869,10.0,9.476554,28.5,54,132,221,232,2,2,2,0,0,0,1,0,7,2
1.535869,10.0,9.215465,28.5,54,143,238,249,2,2,2,0,0,0,1,0,7,2
1.546818,10.0,9.377822,28.5,54,146,242,253,2,2,2,0,0,0,1,0,7,2
1.531509,10.0,9.24772,28.5,54,147,243,255,2,2,2,0,0,0,1,0,7,2
1.533688,10.0,9.215465,28.5,54,148,246,257,2,2,2,0,0,0,1,0,7,2
1.535869,10.0,9.215465,28.5,54,147,244,256,2,2,2,0,0,0,1,0,7,2
1.551217,10.0,9.055792,28.5,53,148,247,259,2,2,2,0,0,0,1,0,7,2
1.524991,10.0,9.199377,28.5,53,149,250,262,2,2,2,0,0,0,1,0,7,2
1.544622,10.0,9.039973,28.5,53,150,251,264,2,2,2,0,0,0,1,0,7,2
1.54024,10.0,8.945597,28.6,53,151,255,267,2,2,2,0,0,0,1,0,7,2
1.555628,10.0,9.024178,28.6,53,152,257,269,2,2,2,0,0,0,1,0,7,2
1.54243,10.0,8.898762,28.6,53,161,272,284,2,2,2,0,0,0,1,0,7,2
1.566705,10.0,8.713742,28.7,53,162,282,294,2,2,2,0,0,0,1,0,7,2
1.555628,10.0,8.744323,28.8,53,166,289,302,2,2,2,0,0,0,1,0,7,2
1.557837,10.0,8.562348,28.8,53,188,347,363,2,2,2,0,0,0,1,0,7,2
1.553421,10.0,8.744323,28.9,53,200,421,440,2,2,2,0,0,0,1,0,7,2
1.571156,10.0,8.472709,28.9,53,200,424,443,2,2,2,0,0,0,1,0,7,2
1.571156,10.0,8.18025,29.0,53,200,478,506,2,2,2,0,0,0,1,0,7,2
1.557837,10.0,8.413441,29.0,53,200,474,504,2,2,2,0,0,0,1,0,7,2
1.575619,10.0,8.266978,29.0,53,200,500,560,2,2,2,0,0,0,1,0,7,2
1.589076,10.0,8.354565,29.1,53,200,500,561,2,2,2,0,0,0,1,0,7,2
1.589076,10.0,8.237974,29.1,53,200,500,579,2,2,2,0,0,0,1,0,7,2
1.598107,10.0,8.122909,29.1,52,200,500,600,2,2,2,0,0,0,1,0,7,2
1.607183,10.0,8.223506,29.1,52,200,500,600,2,2,2,0,0,0,1,0,7,2
1.623184,10.0,8.065944,29.1,52,200,500,600,2,2,2,0,0,0,1,0,7,2
1.625481,10.0,8.023465,29.1,52,200,500,600,2,2,2,0,0,0,1,0,7,2
1.616309,10.0,8.151532,29.2,52,200,500,600,2,2,2,0,0,0,1,0,7,2
1.641649,10.0,7.855629,29.2,52,200,500,600,2,2,2,0,0,0,1,0,7,2
1.665004,10.0,7.981195,29.2,52,200,500,600,2,2,2,0,0,0,1,0,7,2
1.660309,10.0,7.897277,29.2,52,200,500,600,2,2,2,0,0,0,1,0,7,2
1.665004,10.0,7.786668,29.3,52,200,500,600,2,2,2,0,0,0,1,0,7,2
1.681536,10.0,7.925158,29.3,52,200,500,600,2,2,2,0,0,0,1,0,7,2
1.688667,10.0,7.650431,29.3,52,200,500,600,2,2,2,0,0,0,1,0,7,2
1.727184,10.0,7.704659,29.3,52,200,500,600,2,2,2,0,0,0,1,0,7,2
1.727184,10.0,7.745564,29.3,52,200,500,600,2,2,2,0,0,0,1,0,7,2
1.756609,10.0,7.583144,29.3,52,200,500,600,2,2,2,0,0,1,1,0,8,2
1.759083,10.0,7.583144,29.3,52,200,500,600,2,2,2,0,0,1,1,0,8,2
1.809245,10.0,7.345416,29.3,52,200,500,600,2,2,2,0,0,1,1,0,8,2
1.819439,10.0,7.358441,29.3,52,200,500,600,2,2,2,0,0,1,1,0,8,2
1.82712,10.0,7.397642,29.3,52,200,500,600,2,2,2,0,0,1,1,0,8,2
1.858155,10.0,7.384553,29.3,52,200,500,600,2,2,2,0,0,1,1,0,8,2
1.881761,10.0,7.29353,29.3,52,200,500,600,2,2,2,0,0,1,1,0,8,2
1.894999,10.0,7.306471,29.3,52,200,500,600,2,2,2,0,0,1,1,0,8,2
1.911003,10.0,7.358441,29.3,52,200,500,600,2,2,2,0,0,1,1,0,8,2
1.940682,10.0,7.397642,29.3,52,200,500,600,2,2,2,0,0,1,1,0,8,2
1.970807,10.0,7.152575,29.4,52,200,500,600,2,2,2,0,0,1,1,0,8,2
1.993,10.0,7.064181,29.3,52,200,500,600,2,2,2,0,0,1,1,0,8,2
2.018258,10.0,7.280612,29.3,52,200,500,600,2,2,2,0,0,1,1,0,8,2
2.032425,10.0,7.114567,29.3,52,200,500,600,2,2,2,0,0,1,1,0,8,2
2.055295,10.0,7.10194,29.3,52,200,500,600,2,2,2,0,0,1,1,0,8,2
2.055295,10.0,7.051636,29.4,52,200,500,600,2,2,2,0,0,1,1,0,8,2
2.081325,10.0,7.001656,29.4,52,200,500,600,2,2,2,0,0,1,1,0,8,2
2.101794,10.0,7.01412,29.4,52,200,500,600,2,2,2,0,0,1,1,0,8,2
2.11358,10.0,6.91497,29.4,52,200,500,600,2,2,2,0,0,1,1,0,8,2
2.128404,10.0,6.804952,29.4,52,200,500,600,2,2,2,0,0,1,1,0,8,2
2.164402,10.0,6.817096,29.4,52,200,500,600,2,2,2,0,0,1,1,0,8,2
2.179579,10.0,6.865873,29.5,52,200,500,600,2,2,2,0,0,1,1,0,8,2
2.14333,10.0,7.267715,29.5,52,200,500,600,2,2,2,0,0,1,1,0,8,2
2.260228,10.0,6.636971,29.5,52,200,500,600,2,2,2,0,0,1,1,0,8,2
2.250772,10.0,6.648844,29.5,51,200,500,600,2,2,2,0,0,1,1,0,8,2
2.266554,10.0,6.744522,29.5,51,200,500,600,2,2,2,0,0,1,1,0,8,2
2.288835,10.0,6.720487,29.5,51,200,500,600,2,2,2,0,0,1,1,0,8,2
2.317807,10.0,6.672648,29.5,51,200,500,600,2,2,2,0,0,1,1,0,8,2
2.317807,10.0,6.613283,29.5,51,200,500,600,2,2,2,0,0,1,1,0,8,2
2.36692,10.0,6.636971,29.6,51,200,500,600,2,2,2,0,0,1,1,0,8,2
2.376869,10.0,6.720487,29.6,51,200,500,600,2,2,2,0,0,1,1,0,8,2
2.38686,10.0,6.696529,29.6,51,200,500,600,2,2,2,0,0,1,1,0,8,2
2.390199,10.0,6.519295,29.6,51,200,500,600,2,2,2,0,0,1,1,0,8,2
2.40697,10.0,6.613283,29.6,51,200,500,600,2,2,2,0,0,1,1,0,8,2
2.440872,10.0,6.519295,29.6,51,200,500,600,2,2,2,0,0,1,1,0,8,2
2.434052,10.0,6.744522,29.7,51,200,500,600,2,2,2,0,0,1,1,0,8,2
2.458005,10.0,6.554398,29.7,51,200,500,600,2,2,2,0,0,1,1,0,8,2
2.489156,10.0,6.566137,29.7,51,200,500,600,2,2,2,0,0,1,1,0,8,2
2.503131,10.0,6.636971,29.7,51,200,500,600,2,2,2,0,0,1,1,0,8,2
2.54198,10.0,6.613283,29.7,51,200,500,600,2,2,2,0,0,1,1,0,8,2
2.538423,10.0,6.601468,29.7,51,200,500,600,2,2,2,0,0,1,1,0,8,2
2.53487,10.0,6.672648,29.7,51,200,500,600,2,2,2,0,0,1,1,0,8,2
2.581451,10.0,6.554398,29.7,51,200,500,600,2,2,2,0,0,1,1,0,8,2
2.595961,10.0,6.601468,29.7,51,200,500,600,2,2,2,0,0,1,1,0,8,2
2.599602,10.0,6.554398,29.7,51,200,500,600,2,2,2,0,0,1,1,0,8,2
2.625236,10.0,6.519295,29.7,51,200,500,600,2,2,2,0,0,1,1,0,8,2
2.606899,10.0,6.625118,29.7,51,200,500,600,2,2,2,0,0,1,1,0,8,2
2.643706,10.0,6.530976,29.7,51,200,500,600,2,2,2,0,0,1,1,0,8,2
2.632608,10.0,6.660736,29.7,51,200,500,600,2,2,2,0,0,1,1,0,8,2
2.647416,10.0,6.507631,29.7,51,200,500,600,2,2,2,0,0,1,1,0,8,2
2.647416,10.0,6.613283,29.7,51,200,500,600,2,2,2,0,0,1,1,0,8,2
2.603248,10.0,7.026604,29.7,51,200,500,600,2,2,2,0,0,1,1,0,8,2
2.711332,10.0,6.589673,29.7,51,200,500,600,2,2,2,0,0,1,1,0,8,2
2.715141,10.0,6.589673,29.7,51,200,500,600,2,2,2,0,0,1,1,0,8,2
2.726603,10.0,6.625118,29.7,51,200,500,600,2,2,2,0,0,1,1,0,8,2
2.780772,10.0,6.566137,29.7,51,200,500,600,2,2,2,0,0,1,1,0,8,2
2.996383,10.0,6.357708,29.7,51,200,500,600,2,2,2,0,0,1,1,0,8,2
3.108629,10.0,6.177448,29.7,51,200,500,600,2,2,2,0,0,1,1,0,8,2
3.121869,10.0,6.244503,29.7,51,200,500,600,2,2,2,0,0,1,1,0,8,2
3.121869,10.0,6.357708,29.7,51,200,500,600,2,2,2,0,0,1,1,0,8,2
3.170943,10.0,6.255742,29.7,51,200,500,600,2,2,2,0,0,1,1,0,8,2
3.216281,10.0,6.18858,29.7,51,200,500,600,2,2,2,0,0,1,1,0,8,2
3.198061,10.0,6.357708,29.7,51,200,500,600,2,2,2,0,0,1,1,0,8,2
3.262329,10.0,6.266998,29.7,51,200,500,600,2,2,2,0,0,1,1,0,8,2
3.225434,10.0,6.323555,29.7,51,200,500,600,2,2,2,0,0,1,1,0,8,2
3.294988,10.0,6.199728,29.7,51,200,500,600,2,2,2,0,0,1,1,0,8,2
3.243824,10.0,6.266998,29.7,51,200,500,600,2,2,2,0,0,1,1,0,8,2
3.184471,10.0,6.85365,29.7,51,200,500,600,2,2,2,0,0,1,1,0,8,2
3.225434,10.0,6.244503,29.7,51,200,500,600,2,2,2,0,0,1,1,0,8,2
3.266972,10.0,6.33492,29.7,51,200,500,600,2,2,2,0,0,1,1,0,8,2
3.253062,10.0,6.255742,29.6,51,200,500,600,2,2,2,0,0,1,1,0,8,2
9.090097,10.0,5.046581,26.3,53,29,44,52,1,1,1,0,0,2,0,0,5,2
7.071019,10.0,6.012623,26.3,53,32,44,53,1,1,1,0,0,1,0,0,4,1
5.91048,10.0,7.280612,26.3,53,32,44,53,1,1,1,0,0,1,0,0,4,1
4.908492,10.0,8.281516,26.3,53,32,44,53,1,1,1,0,0,1,0,0,4,1
4.24272,10.0,8.898762,26.3,53,32,44,53,1,1,1,0,0,1,0,0,4,1
3.898168,10.0,8.852162,26.3,53,32,44,53,1,1,1,0,0,1,0,0,4,1
3.579883,10.0,9.231577,26.3,53,32,44,53,1,1,1,0,0,1,0,0,4,1
3.262329,10.0,9.950667,26.4,53,36,51,61,2,1,1,0,0,1,0,0,5,2
3.00911,10.0,10.19625,26.4,53,33,50,60,1,1,1,0,0,1,0,0,4,1
2.800391,10.0,10.76121,26.4,53,33,49,61,1,1,1,0,0,1,0,0,4,1
2.617885,10.0,10.19625,26.5,53,33,49,61,1,1,1,0,0,1,0,0,4,1
2.559843,10.0,10.48413,26.5,53,33,51,62,1,1,1,0,0,1,0,0,4,1
2.447711,10.0,10.87405,26.6,52,33,50,61,1,1,1,0,0,1,0,0,4,1
2.363614,10.0,10.33921,26.6,52,33,50,62,1,1,1,0,0,1,0,0,4,1
2.225749,10.0,10.85516,26.7,52,33,50,62,1,1,1,0,0,1,0,0,4,1
2.152336,10.0,10.66806,26.7,52,33,50,62,1,1,1,0,0,1,0,0,4,1
2.092997,10.0,11.10321,26.8,52,32,50,62,1,1,1,0,0,1,0,0,4,1
1.954319,10.0,11.18065,26.8,52,32,50,62,1,1,1,0,0,1,0,0,4,1
1.979101,10.0,11.3766,26.9,52,32,49,61,1,1,1,0,0,1,0,0,4,1
1.929838,10.0,11.06469,27.0,52,32,49,60,1,1,1,0,0,1,0,0,4,1
1.865992,10.0,10.96896,27.0,51,31,47,59,1,1,1,0,0,1,0,0,4,1
1.824556,10.0,11.35685,27.1,51,32,47,59,1,1,1,0,0,1,0,0,4,1
1.809245,10.0,10.91192,27.2,51,32,47,59,1,1,1,0,0,1,0,0,4,1
1.759083,10.0,11.2782,27.3,51,33,48,59,1,1,1,0,0,1,0,0,4,1
1.729618,10.0,11.18065,27.3,51,32,47,58,1,1,1,0,0,0,0,0,3,0
1.688667,10.0,11.18065,27.4,51,33,48,58,1,1,1,0,0,0,0,0,3,0
1.665004,10.0,11.47583,27.4,51,31,47,57,1,1,1,0,0,0,0,0,3,0
1.634702,10.0,11.14187,27.5,51,31,47,58,1,1,1,0,0,0,0,0,3,0
1.584579,10.0,11.51577,27.6,51,32,47,59,1,1,1,0,0,0,0,0,3,0
1.566705,10.0,11.53579,27.6,50,32,47,59,1,1,1,0,0,0,0,0,3,0
1.54243,10.0,11.49578,27.7,50,31,46,58,1,1,1,0,0,0,0,0,3,0
1.520659,10.0,11.18065,27.7,50,31,47,58,1,1,1,0,0,0,0,0,3,0
1.520659,10.0,11.2001,27.8,49,31,46,57,1,1,1,0,0,0,0,0,3,0
1.503444,10.0,10.98804,27.8,49,31,46,57,1,1,1,0,0,0,0,0,3,0
1.499168,10.0,10.94991,27.9,49,31,46,57,1,1,1,0,0,0,0,0,3,0
1.454925,10.0,10.87405,27.9,49,31,48,58,1,1,1,0,0,0,0,0,3,0
1.428128,10.0,11.2782,28.0,49,31,48,58,1,1,1,0,0,0,0,0,3,0
1.417939,10.0,11.0263,28.1,49,31,47,57,1,1,1,0,0,0,1,0,4,1
1.419972,10.0,10.77994,28.1,49,29,45,55,1,1,1,0,0,0,1,0,4,1
1.38776,10.0,11.41619,28.2,49,31,46,55,1,1,1,0,0,0,1,0,4,1
1.407815,10.0,11.23908,28.2,49,30,45,54,1,1,1,0,0,0,1,0,4,1
1.369927,10.0,11.2001,28.2,49,30,45,54,1,1,1,0,0,0,1,0,4,1
1.346465,10.0,11.43604,28.3,48,30,45,54,1,1,1,0,0,0,1,0,4,1
1.338722,10.0,11.2001,28.3,48,30,45,54,1,1,1,0,0,0,1,0,4,1
1.360108,10.0,11.43604,28.4,48,30,45,54,1,1,1,0,0,0,1,0,4,1
1.325268,10.0,11.18065,28.4,48,30,45,54,1,1,1,0,0,0,1,0,4,1
1.329099,10.0,10.66806,28.4,48,30,45,54,1,1,1,0,0,0,1,0,4,1
1.306252,10.0,11.51577,28.5,48,29,45,53,1,1,1,0,0,0,1,0,4,1
1.293083,10.0,11.10321,28.5,48,30,45,53,1,1,1,0,0,0,1,0,4,1
1.287474,10.0,11.00716,28.5,48,28,43,52,1,1,1,0,0,0,1,0,4,1
1.278173,10.0,10.89297,28.5,48,29,44,54,1,1,1,0,0,0,1,0,4,1
3.585028,10.0,10.0028,28.6,47,30,45,55,1,1,1,0,0,1,1,0,5,2
1.717478,10.0,10.9309,28.6,47,28,43,51,1,1,1,0,0,0,1,0,4,1
1.44044,10.0,11.14187,28.6,48,27,42,51,1,1,1,0,0,0,1,0,4,1
1.036834,10.0,11.43604,29.2,45,27,38,47,1,1,0,0,0,0,1,0,3,0
1.033728,10.0,10.81748,29.2,45,26,37,44,1,1,0,0,0,0,1,0,3,0
1.033728,10.0,11.18065,29.2,45,26,37,44,1,1,0,0,0,0,1,0,3,0
1.043069,10.0,10.87405,29.2,45,26,37,44,1,1,0,0,0,0,1,0,3,0
1.032178,10.0,11.06469,29.2,45,27,40,47,1,1,0,0,0,0,1,0,3,0
1.039948,10.0,10.57571,29.2,45,27,40,47,1,1,0,0,0,0,1,0,3,0
1.734496,10.0,10.26749,31.7,48,-1,-1,-1,0,0,0,0,0,0,1,0,1,0
1.695828,10.0,10.70523,31.7,48,-1,-1,-1,0,0,0,0,0,0,1,0,1,0
1.710233,10.0,10.77994,31.7,48,-1,-1,-1,0,0,0,0,0,0,1,0,1,0
1.7199,10.0,10.87405,31.7,47,-1,-1,-1,0,0,0,0,0,0,1,0,1,0
1.700616,10.0,11.14187,31.6,47,-1,-1,-1,0,0,0,0,0,0,1,0,1,0
1.695828,10.0,11.06469,31.6,47,-1,-1,-1,0,0,0,0,0,0,1,0,1,0
1.739388,10.0,10.85516,31.6,47,-1,-1,-1,0,0,0,0,0,0,1,0,1,0
1.821996,10.0,10.57571,31.6,47,-1,-1,-1,0,0,0,0,0,1,1,0,2,0
50.0,10.0,0.039561,29.2,56,-1,-1,-1,0,0,0,0,0,2,1,1,4,1
48.12308,10.0,3.188596,29.2,56,-1,-1,-1,0,0,0,0,0,2,1,1,4,1
14.72926,10.0,5.894249,29.2,56,-1,-1,-1,0,0,0,0,0,2,1,1,4,1
9.268675,10.0,7.489863,29.3,57,-1,-1,-1,0,0,0,0,0,2,1,1,4,1
7.094228,10.0,8.547346,29.3,57,-1,-1,-1,0,0,0,0,0,1,1,1,3,0
5.755629,10.0,9.410623,29.4,57,-1,-1,-1,0,0,0,0,0,1,1,1,3,0
4.827932,10.0,10.59412,29.5,57,-1,-1,-1,0,0,0,0,0,1,1,1,3,0
4.3056,10.0,11.14187,29.6,57,-1,-1,-1,0,0,0,0,0,1,1,1,3,0
3.775901,10.0,11.3766,29.7,56,-1,-1,-1,0,0,0,0,0,1,1,1,3,0
3.5087,10.0,11.41619,29.8,56,-1,-1,-1,0,0,0,0,0,1,1,1,3,0
3.248439,10.0,11.57593,29.9,56,-1,-1,-1,0,0,0,0,0,1,1,1,3,0
3.004861,10.0,11.86084,30.0,55,-1,-1,-1,0,0,0,0,0,1,1,0,2,0
2.868199,10.0,11.88146,30.1,55,-1,-1,-1,0,0,0,0,0,1,1,0,2,0
2.76518,10.0,11.79921,30.1,55,-1,-1,-1,0,0,0,0,0,1,1,0,2,0
2.673542,10.0,12.17386,30.3,55,-1,-1,-1,0,0,0,0,0,1,1,0,2,0
2.410339,10.0,12.38711,30.3,55,-1,-1,-1,0,0,0,0,0,1,1,0,2,0
2.376869,10.0,12.49514,30.4,55,-1,-1,-1,0,0,0,0,0,1,1,0,2,0
2.266554,10.0,12.49514,30.5,54,-1,-1,-1,0,0,0,0,0,1,1,0,2,0
6.723228,10.0,5.830558,30.3,56,-1,-1,-1,0,0,0,0,0,1,1,1,3,0
5.223223,10.0,9.167283,30.3,56,-1,-1,-1,0,0,0,0,0,1,1,1,3,0
4.447781,10.0,10.87405,30.3,55,-1,-1,-1,0,0,0,0,0,1,1,0,2,0
4.12011,10.0,10.91192,30.3,55,-1,-1,-1,0,0,0,0,0,1,1,0,2,0
3.636941,10.0,12.02677,30.4,55,-1,-1,-1,0,0,0,0,0,1,1,0,2,0
3.262329,10.0,12.40864,30.4,55,-1,-1,-1,0,0,0,0,0,1,1,0,2,0
2.992155,10.0,12.51685,30.5,55,-1,-1,-1,0,0,0,0,0,1,1,0,2,0
2.792526,10.0,12.49514,30.5,55,-1,-1,-1,0,0,0,0,0,1,1,0,2,0
3.351816,10.0,15.58454,30.9,48,45,70,75,2,2,1,0,0,1,1,0,7,2
3.144073,10.0,16.50947,31.0,48,45,69,75,2,2,1,0,0,1,1,0,7,2
3.047637,10.0,15.69372,31.1,48,45,69,75,2,2,1,0,0,1,1,0,7,2
3.266972,10.0,15.94228,31.2,47,45,68,75,2,2,1,0,0,1,1,0,7,2
2.946053,10.0,16.05407,31.3,47,44,69,75,2,2,1,0,0,1,1,0,7,2
2.9419,10.0,16.33713,31.3,47,45,70,76,2,2,1,0,0,1,1,0,7,2
3.121869,10.0,16.97843,31.4,47,45,70,76,2,2,1,0,0,1,1,0,7,2
2.836076,10.0,17.40027,31.4,47,46,70,76,2,2,1,0,0,1,1,0,7,2
2.651132,10.0,17.4921,31.4,47,46,70,76,2,2,1,0,0,1,1,0,7,2
2.617885,10.0,18.96638,31.5,47,45,69,76,2,2,1,0,0,1,1,0,7,2
2.769069,10.0,18.43913,31.5,47,43,66,74,2,2,1,0,0,1,1,0,7,2
2.66605,10.0,18.47162,31.6,47,43,65,74,2,2,1,0,0,1,1,0,7,2
2.570624,10.0,18.89961,31.6,47,43,65,74,2,2,1,0,0,1,1,0,7,2
2.383525,10.0,19.1007,31.7,46,45,68,75,2,2,1,0,0,1,1,0,7,2
2.330802,10.0,17.73949,31.7,46,45,68,75,2,2,1,0,0,1,1,0,7,2
2.152336,10.0,17.36978,31.8,46,45,68,75,2,2,1,0,0,1,1,0,7,2
2.029585,10.0,18.24545,31.8,46,43,65,73,2,2,1,0,0,1,1,0,7,2
1.993,10.0,17.12784,31.9,46,43,65,73,2,2,1,0,0,1,1,0,7,2
1.940682,10.0,17.92746,31.9,46,44,66,74,2,2,1,0,0,1,1,0,7,2
1.87649,10.0,18.24545,31.9,46,44,67,74,2,2,1,0,0,1,1,0,7,2
1.87649,10.0,19.44097,31.9,46,44,68,75,2,2,1,0,0,1,1,0,7,2
1.824556,10.0,18.89961,31.9,45,44,68,75,2,2,1,0,0,1,1,0,7,2
1.751673,10.0,17.27863,31.9,45,44,68,75,2,2,1,0,0,1,1,0,7,2
1.717478,10.0,17.24836,31.9,45,44,68,74,2,2,1,0,0,0,1,0,6,2
1.667357,10.0,17.06791,31.8,45,44,68,74,2,2,1,0,0,0,1,0,6,2
1.710233,10.0,16.16667,31.8,45,41,65,72,2,2,1,0,0,0,1,0,6,2
1.769009,10.0,16.22328,31.8,45,41,65,72,2,2,1,0,0,1,1,0,7,2
1.717478,10.0,18.08571,31.7,45,42,66,74,2,2,1,0,0,0,1,0,6,2
1.672071,10.0,17.40027,31.7,45,42,66,74,2,2,1,0,0,0,1,0,6,2
1.60491,10.0,17.24836,31.7,46,43,62,71,2,2,1,0,0,0,1,0,6,2
1.620889,10.0,18.02223,31.7,46,43,62,71,2,2,1,0,0,0,1,0,6,2
1.553421,10.0,18.89961,31.7,46,43,64,72,2,2,1,0,0,0,1,0,6,2
1.553421,10.0,18.53678,31.7,46,43,64,72,2,2,1,0,0,0,1,0,6,2
1.494902,10.0,18.83308,31.7,46,43,65,72,2,2,1,0,0,0,1,0,6,2
1.488525,10.0,18.7668,31.7,46,41,62,71,2,2,1,0,0,0,1,0,6,2
1.467444,10.0,18.05394,31.7,45,42,63,72,2,2,1,0,0,0,1,0,6,2
1.446632,10.0,19.5789,31.8,45,42,62,72,2,2,1,0,0,0,1,0,6,2
1.389754,10.0,17.89598,31.8,45,44,65,74,2,2,1,0,0,0,1,0,6,2
1.352296,10.0,16.97843,31.8,45,42,64,72,2,2,1,0,0,0,1,0,6,2
1.461173,10.0,16.11027,31.8,45,42,64,72,2,2,1,0,0,0,1,0,6,2
1.365992,10.0,18.70077,31.8,45,42,64,72,2,2,1,0,0,0,1,0,6,2
1.383779,10.0,19.54432,31.8,45,44,70,76,2,2,1,0,0,0,1,0,6,2
1.293083,10.0,19.23604,31.8,45,44,70,76,2,2,1,0,0,0,1,0,6,2
1.24517,10.0,20.90588,31.8,45,44,70,76,2,2,1,0,0,0,1,0,6,2
1.212902,10.0,20.86876,31.8,45,43,65,73,2,2,1,0,0,0,1,0,6,2
1.209362,10.0,20.35656,31.8,45,44,66,74,2,2,1,0,0,0,1,0,6,2
1.204067,10.0,20.28451,31.7,45,44,66,74,2,2,1,0,0,0,1,0,6,2
1.198792,10.0,21.77969,31.7,44,44,64,73,2,2,1,1,0,0,1,0,7,2
1.197038,10.0,21.05507,31.6,44,44,68,75,2,2,1,0,0,0,1,0,6,2
1.169271,10.0,20.14122,31.6,44,44,68,75,2,2,1,0,0,0,1,0,6,2
1.13198,10.0,21.24318,31.5,45,44,68,75,2,2,1,0,0,0,1,0,6,2
1.169271,10.0,21.05507,31.5,45,43,69,76,2,2,1,0,0,0,1,0,6,2
1.123646,10.0,21.62491,31.5,45,43,69,76,2,2,1,1,0,0,1,0,7,2
1.103852,10.0,21.93568,31.4,45,42,68,75,2,2,1,1,0,0,1,0,7,2
1.123646,10.0,21.54797,31.4,45,41,65,73,2,2,1,1,0,0,1,0,7,2
1.06991,10.0,21.93568,31.4,45,41,63,72,2,2,1,1,0,0,1,0,7,2
1.066723,10.0,22.53161,31.3,45,42,64,73,2,2,1,1,0,0,1,0,7,2
1.043069,10.0,22.01413,31.2,45,42,64,73,2,2,1,1,0,0,1,0,7,2
1.046198,10.0,21.39499,31.2,45,42,66,75,2,2,1,1,0,0,1,0,7,2
1.03063,10.0,20.90588,31.2,45,42,66,75,2,2,1,0,0,0,1,0,6,2
1.001571,10.0,20.79475,31.1,45,41,62,72,2,2,1,0,0,0,1,0,6,2
1.013724,10.0,21.39499,31.1,45,40,61,71,2,2,1,1,0,0,1,0,7,2
1.018312,10.0,20.90588,31.1,45,40,61,71,2,2,1,0,0,0,1,0,6,2
0.998551,10.0,20.3205,31.0,45,44,65,73,2,2,1,0,0,0,1,0,6,2
0.991035,10.0,20.72101,31.0,46,44,65,73,2,2,1,0,0,0,1,0,6,2
0.967286,10.0,20.75784,31.1,46,44,64,73,2,2,1,0,0,0,1,0,6,2
0.982074,10.0,20.79475,31.1,46,44,64,73,2,2,1,0,0,0,1,0,6,2
0.96435,10.0,20.14122,31.2,46,44,64,73,2,2,1,0,0,0,1,0,6,2
0.942555,10.0,21.09255,31.2,45,42,63,71,2,2,1,0,0,0,1,0,6,2
0.93681,10.0,21.66349,31.3,45,43,64,72,2,2,1,1,0,0,1,0,7,2
0.914107,10.0,21.93568,31.3,45,44,67,75,2,2,1,1,0,0,1,0,7,2
0.932519,10.0,21.43312,31.4,45,44,67,75,2,2,1,1,0,0,1,0,7,2
0.914107,10.0,21.47133,31.4,45,44,67,75,2,2,1,1,0,0,1,0,7,2
0.946882,10.0,21.1301,31.4,45,41,63,71,2,2,1,0,0,0,1,0,6,2
0.938243,10.0,20.72101,31.3,45,42,64,72,2,2,1,0,0,0,1,0,6,2
0.925403,10.0,21.16772,31.3,45,41,65,72,2,2,1,0,0,0,1,0,6,2
0.949776,10.0,19.92834,31.3,45,41,65,72,2,2,1,0,0,0,1,0,6,2
0.909899,10.0,20.72101,31.3,46,41,64,73,2,2,1,0,0,0,1,0,6,2
0.907102,10.0,21.20542,31.3,46,41,64,73,2,2,1,0,0,0,1,0,6,2
0.901529,10.0,20.28451,31.3,46,41,64,72,2,2,1,0,0,0,1,0,6,2
0.90014,10.0,19.5098,31.3,46,41,64,73,2,2,1,0,0,0,1,0,6,2
0.901529,10.0,20.4289,31.3,46,41,63,73,2,2,1,0,0,0,1,0,6,2
0.88634,10.0,19.64826,31.3,45,42,66,75,2,2,1,0,0,0,1,0,6,2
0.875421,10.0,20.53791,31.4,45,42,66,75,2,2,1,0,0,0,1,0,6,2
0.86865,10.0,20.14122,31.4,45,42,65,74,2,2,1,0,0,0,1,0,6,2
0.861919,10.0,20.64756,31.5,45,42,65,74,2,2,1,0,0,0,1,0,6,2
0.861919,10.0,20.75784,31.6,45,42,64,74,2,2,1,0,0,0,1,0,6,2
0.853897,10.0,19.54432,31.6,45,42,64,72,2,2,1,0,0,0,1,0,6,2
0.838024,10.0,19.71788,31.7,44,43,66,73,2,2,1,0,0,0,1,0,6,2
0.843289,10.0,19.47535,31.7,44,43,66,73,2,2,1,0,0,0,1,0,6,2
0.834092,10.0,19.47535,31.8,44,43,69,76,2,2,1,0,0,0,1,0,6,2
0.840653,10.0,19.30409,31.9,44,43,65,74,2,2,1,0,0,0,1,0,6,2
0.821086,10.0,19.33821,31.9,44,44,66,75,2,2,1,0,0,0,1,0,6,2
0.815928,10.0,18.50417,31.9,44,44,66,75,2,2,1,0,0,0,1,0,6,2
0.819794,10.0,19.30409,31.9,43,44,65,73,2,2,1,0,0,0,1,0,6,2
0.814642,10.0,19.99903,32.0,43,44,64,73,2,2,1,0,0,0,2,0,7,2
0.812075,10.0,20.5015,32.0,43,43,67,75,2,2,1,0,0,0,2,0,7,2
0.798068,10.0,20.35656,32.0,43,43,67,75,2,2,1,0,0,0,2,0,7,2
0.791761,10.0,20.10557,32.0,43,43,67,75,2,2,1,0,0,0,2,0,7,2
0.799333,10.0,19.5789,32.0,43,44,67,75,2,2,1,0,0,0,2,0,7,2
0.808236,10.0,20.06999,32.0,43,44,67,75,2,2,1,0,0,0,2,0,7,2
0.79554,10.0,19.85792,32.0,43,46,71,76,2,2,1,0,0,0,2,0,7,2
0.799333,10.0,19.40665,32.1,43,46,71,76,2,2,1,0,0,0,2,0,7,2
0.793019,10.0,19.44097,32.1,43,44,68,74,2,2,1,0,0,0,2,0,7,2
0.778021,10.0,19.71788,32.1,43,45,69,75,2,2,1,0,0,0,2,0,7,2
0.779262,10.0,19.61354,32.1,43,45,69,75,2,2,1,0,0,0,2,0,7,2
0.773069,10.0,20.06999,32.2,43,45,67,74,2,2,1,0,0,0,2,0,7,2
0.775542,10.0,19.64826,32.2,43,45,67,74,2,2,1,0,0,0,2,0,7,2
0.784244,10.0,19.30409,32.3,43,45,67,75,2,2,1,0,0,0,2,0,7,2
0.773069,10.0,19.92834,32.3,43,46,67,73,2,2,1,0,0,0,2,0,7,2
0.768141,10.0,19.85792,32.3,43,46,67,73,2,2,1,0,0,0,2,0,7,2
0.778021,10.0,19.92834,32.3,43,45,68,76,2,2,1,0,0,0,2,0,7,2
0.763237,10.0,20.14122,32.3,43,45,68,76,2,2,1,0,0,0,2,0,7,2
0.765686,10.0,19.5789,32.3,43,46,68,76,2,2,1,0,0,0,2,0,7,2
0.759574,10.0,20.03447,32.4,43,45,69,76,2,2,1,0,0,0,2,0,7,2
0.765686,10.0,19.99903,32.4,43,43,68,74,2,2,1,0,0,0,2,0,7,2
0.755925,10.0,20.46517,32.5,43,43,68,74,2,2,1,0,0,0,2,0,7,2
0.753499,10.0,19.64826,32.5,43,43,68,74,2,2,1,0,0,0,2,0,7,2
0.754711,10.0,19.71788,32.5,43,43,67,74,2,2,1,0,0,0,2,0,7,2
0.743854,10.0,20.68425,32.5,42,43,68,74,2,2,1,0,0,0,2,0,7,2
0.740261,10.0,20.4289,32.5,42,43,68,74,2,2,1,0,0,0,2,0,7,2
0.733114,10.0,20.79475,32.5,42,44,68,76,2,2,1,0,0,0,2,0,7,2
0.731928,10.0,21.09255,32.6,42,44,68,75,2,2,1,0,0,0,2,0,7,2
0.737873,10.0,20.68425,32.6,42,44,68,75,2,2,1,0,0,0,2,0,7,2
0.72484,10.0,20.79475,32.5,42,44,68,74,2,2,1,0,0,0,2,0,7,2
0.734302,10.0,21.31894,32.5,42,44,67,74,2,2,1,1,0,0,2,0,8,2
0.722489,10.0,21.1301,32.4,42,44,67,75,2,2,1,0,0,0,2,0,7,2
0.721316,10.0,20.79475,32.3,43,46,70,77,2,2,1,0,0,0,2,0,7,2
0.72956,10.0,20.68425,32.2,43,45,69,76,2,2,1,0,0,0,2,0,7,2
0.71314,10.0,21.1301,32.2,43,45,69,76,2,2,1,0,0,0,2,0,7,2
0.72484,10.0,21.01767,32.2,43,46,70,77,2,2,1,0,0,0,2,0,7,2
0.717804,10.0,20.61094,32.1,43,46,70,77,2,2,1,0,0,0,2,0,7,2
0.703881,10.0,21.05507,32.1,43,46,70,77,2,2,1,0,0,0,2,0,7,2
0.720143,10.0,20.68425,32.1,44,45,70,77,2,2,1,0,0,0,2,0,7,2
0.700432,10.0,21.1301,32.1,44,45,70,77,2,2,1,0,0,0,2,0,7,2
0.699285,10.0,20.75784,32.1,44,45,70,77,2,2,1,0,0,0,2,0,7,2
0.69814,10.0,20.90588,32.1,44,45,68,75,2,2,1,0,0,0,2,0,7,2
0.690158,10.0,20.64756,32.1,44,45,67,75,2,2,1,0,0,0,2,0,7,2
0.684498,10.0,21.28102,32.1,44,46,68,75,2,2,1,1,0,0,2,0,8,2
0.68789,10.0,20.79475,32.1,44,46,67,75,2,2,1,0,0,0,2,0,7,2
0.684498,10.0,20.86876,32.1,43,46,67,75,2,2,1,0,0,0,2,0,7,2
0.679994,10.0,21.09255,32.0,43,46,67,74,2,2,1,0,0,0,2,0,7,2
0.678872,10.0,21.50961,32.0,43,46,67,74,2,2,1,1,0,0,2,0,8,2
0.68789,10.0,20.68425,32.0,44,46,68,74,2,2,1,0,0,0,2,0,7,2
0.681118,10.0,21.24318,31.9,44,43,67,74,2,2,1,0,0,0,1,0,6,2
0.673279,10.0,21.28102,31.9,44,43,67,74,2,2,1,1,0,0,1,0,7,2
0.674395,10.0,20.68425,31.9,44,42,66,73,2,2,1,0,0,0,1,0,6,2
0.66994,10.0,20.61094,31.9,44,44,68,75,2,2,1,0,0,0,1,0,6,2
0.66772,10.0,20.90588,31.8,44,43,66,73,2,2,1,0,0,0,1,0,6,2
0.678872,10.0,20.83172,31.8,44,42,65,73,2,2,1,0,0,0,1,0,6,2
0.666612,10.0,22.13238,31.8,44,42,65,73,2,2,1,1,0,0,1,0,7,2
0.678872,10.0,22.25133,31.7,44,44,66,73,2,2,1,1,0,0,1,0,7,2
0.682244,10.0,21.89657,31.7,45,44,66,73,2,2,1,1,0,0,1,0,7,2
0.70273,10.0,21.28102,31.6,45,44,66,73,2,2,1,1,0,0,1,0,7,2
0.684498,10.0,22.57197,31.5,45,43,64,72,2,2,1,1,0,0,1,0,7,2
0.705034,10.0,21.93568,31.5,45,42,64,72,2,2,1,1,0,0,1,0,7,2
0.68789,10.0,20.79475,31.4,46,41,63,72,2,2,1,0,0,0,1,0,6,2
0.69814,10.0,21.1301,31.4,46,40,63,72,2,2,1,0,0,0,1,0,6,2
0.684498,10.0,20.46517,31.3,47,40,63,72,2,2,1,0,0,0,1,0,6,2
0.676631,10.0,20.86876,31.3,47,43,64,73,2,2,1,0,0,0,1,0,6,2
0.666612,10.0,21.85754,31.3,47,43,64,73,2,2,1,1,0,0,1,0,7,2
0.664401,10.0,21.85754,31.2,47,42,62,72,2,2,1,1,0,0,1,0,7,2
0.690158,10.0,21.39499,31.2,47,42,65,72,2,2,1,1,0,0,1,0,7,2
0.716636,10.0,20.21273,31.2,47,42,64,72,2,2,1,0,0,0,1,0,6,2
0.793019,10.0,19.96365,31.2,47,42,64,72,2,2,1,0,0,0,1,0,6,2
0.721316,10.0,19.92834,31.2,47,41,63,72,2,2,1,0,0,0,1,0,6,2
0.726018,10.0,19.99903,31.2,47,41,63,72,2,2,1,0,0,0,1,0,6,2
0.682244,10.0,21.85754,31.2,48,42,63,72,2,2,1,1,0,0,1,0,7,2
0.70273,10.0,21.62491,31.2,48,42,63,72,2,2,1,1,0,0,1,0,7,2
0.68789,10.0,21.20542,31.3,48,43,64,73,2,2,1,0,0,0,1,0,6,2
0.674395,10.0,21.62491,31.3,48,44,63,73,2,2,1,1,0,0,1,0,7,2
0.666612,10.0,21.54797,31.3,48,44,66,73,2,2,1,1,0,0,1,0,7,2
0.666612,10.0,22.37098,31.3,47,44,66,73,2,2,1,1,0,0,1,0,7,2
0.657797,10.0,21.93568,31.2,47,43,64,72,2,2,1,1,0,0,1,0,7,2
0.666612,10.0,23.43803,31.1,47,43,64,72,2,2,1,1,0,0,1,0,7,2
0.68789,10.0,21.47133,31.0,47,42,67,73,2,2,1,1,0,0,1,0,7,2
0.676631,10.0,21.85754,30.9,48,42,67,73,2,2,1,1,0,0,1,0,7,2
0.695852,10.0,22.13238,30.9,48,42,66,73,2,2,1,1,0,0,1,0,7,2
0.68337,10.0,21.62491,30.8,48,42,66,73,2,2,1,1,0,0,1,0,7,2
0.691294,10.0,21.35693,30.8,48,42,66,73,2,2,1,1,0,0,1,0,7,2
0.70158,10.0,20.46517,30.8,48,42,63,72,2,2,1,0,0,0,1,0,6,2
0.699285,10.0,19.89309,30.8,48,41,62,71,2,2,1,0,0,0,1,0,6,2
0.706188,10.0,21.16772,30.9,48,43,66,73,2,2,1,0,0,0,1,0,6,2
0.700432,10.0,21.89657,30.9,49,43,65,73,2,2,1,1,0,0,1,0,7,2
0.728378,10.0,22.2116,30.9,49,42,64,72,2,2,1,1,0,0,1,0,7,2
0.685627,10.0,21.93568,30.9,49,42,66,74,2,2,1,1,0,0,1,0,7,2
0.684498,10.0,22.29114,31.0,49,41,64,73,2,2,1,1,0,0,1,0,7,2
1.334866,10.0,11.73789,28.4,64,25,37,44,1,1,0,0,0,0,1,1,4,1
1.354246,10.0,11.18065,28.5,64,26,38,45,1,1,0,0,0,0,1,1,4,1
1.342588,10.0,11.55584,28.6,64,25,38,44,1,1,0,0,0,0,1,1,4,1
1.321445,10.0,11.81972,28.8,64,25,38,44,1,1,0,0,0,0,1,1,4,1
1.329099,10.0,11.43604,28.9,63,25,38,44,1,1,0,0,0,0,1,1,4,1
1.321445,10.0,11.81972,29.0,63,26,38,45,1,1,0,0,0,0,1,1,4,1
1.291211,10.0,11.81972,29.1,63,26,38,45,1,1,0,0,0,0,1,1,4,1
1.283747,10.0,11.77873,29.2,62,26,38,45,1,1,0,0,0,0,1,1,4,1
1.261579,10.0,11.51577,29.3,62,25,37,43,1,1,0,0,0,0,1,1,4,1
1.257916,10.0,11.45592,29.4,62,25,37,44,1,1,0,0,0,0,1,1,4,1
1.270775,10.0,11.31746,29.6,62,25,38,44,1,1,0,0,0,0,1,1,4,1
1.27632,10.0,11.29781,29.7,61,25,38,45,1,1,0,0,0,0,1,1,4,1
1.26525,10.0,11.29781,29.8,61,25,38,45,1,1,0,0,0,0,1,1,4,1
1.246984,10.0,11.18065,29.9,60,25,36,42,1,1,0,0,0,0,1,1,4,1
1.26525,10.0,11.14187,30.0,60,25,36,42,1,1,0,0,0,0,1,1,4,1
1.254263,10.0,11.39637,30.1,60,25,37,43,1,1,0,0,0,0,1,1,4,1
1.259746,10.0,11.08394,30.2,59,25,37,43,1,1,0,0,0,0,1,1,4,1
1.254263,10.0,11.2001,30.3,59,25,37,43,1,1,0,0,0,0,1,1,4,1
1.241549,10.0,11.18065,30.4,59,26,39,46,1,1,0,0,0,0,1,1,4,1
1.237937,10.0,11.08394,30.5,59,26,39,46,1,1,0,0,0,0,1,1,4,1
1.223578,10.0,10.9309,30.6,58,27,39,45,1,1,0,0,0,0,1,1,4,1
1.241549,10.0,10.85516,30.7,58,26,39,46,1,1,0,0,0,0,1,1,4,1
1.230739,10.0,11.16124,30.8,58,26,39,46,1,1,0,0,0,0,1,1,4,1
1.234333,10.0,10.9309,30.9,57,26,39,48,1,1,0,0,0,0,1,1,4,1
1.223578,10.0,11.04548,30.9,57,25,37,44,1,1,0,0,0,0,1,1,4,1
1.234333,10.0,10.66806,31.0,57,25,36,43,1,1,0,0,0,0,1,1,4,1
1.212902,10.0,11.12252,31.0,57,25,36,43,1,1,0,0,0,0,1,1,4,1
1.223578,10.0,10.64953,31.1,57,25,36,43,1,1,0,0,0,0,1,1,4,1
1.220011,10.0,10.9309,31.2,56,27,37,42,1,1,0,0,0,0,1,1,4,1
1.20583,10.0,11.00716,31.2,56,27,37,43,1,1,0,0,0,0,1,1,4,1
1.214676,10.0,10.98804,31.3,56,27,37,43,1,1,0,0,0,0,1,1,4,1
1.212902,10.0,11.00716,31.4,56,26,37,43,1,1,0,0,0,0,1,1,4,1
1.241549,10.0,10.68663,31.4,56,26,36,41,1,1,0,0,0,0,1,1,4,1
1.227154,10.0,11.10321,31.5,56,26,36,41,1,1,0,0,0,0,1,1,4,1
1.234333,10.0,10.91192,31.6,55,25,36,42,1,1,0,0,0,0,1,0,3,0
1.230739,10.0,10.96896,31.6,55,25,36,42,1,1,0,0,0,0,1,0,3,0
1.227154,10.0,10.76121,31.7,55,26,36,43,1,1,0,0,0,0,1,0,3,0
1.211131,10.0,11.14187,31.8,55,26,37,43,1,1,0,0,0,0,1,0,3,0
1.241549,10.0,10.76121,31.8,54,24,35,40,1,1,0,0,0,0,1,0,3,0
1.234333,10.0,10.96896,31.9,54,24,35,40,1,1,0,0,0,0,1,0,3,0
1.209362,10.0,10.87405,31.9,54,24,35,40,1,1,0,0,0,0,1,0,3,0
1.21823,10.0,10.98804,32.0,54,25,37,43,1,1,0,0,0,0,2,0,4,1
1.234333,10.0,10.81748,32.0,54,25,37,43,1,1,0,0,0,0,2,0,4,1
1.234333,10.0,10.77994,32.1,54,26,37,43,1,1,0,0,0,0,2,0,4,1
1.202307,10.0,10.83631,32.2,54,26,37,44,1,1,0,0,0,0,2,0,4,1
1.232535,10.0,10.63103,32.2,53,25,37,43,1,1,0,0,0,0,2,0,4,1
1.232535,10.0,10.70523,32.3,53,25,37,43,1,1,0,0,0,0,2,0,4,1
1.197038,10.0,11.08394,32.3,53,25,37,43,1,1,0,0,0,0,2,0,4,1
1.234333,10.0,10.57571,32.4,53,25,36,43,1,1,0,0,0,0,2,0,4,1
1.220011,10.0,10.85516,32.4,53,26,37,44,1,1,0,0,0,0,2,0,4,1
1.220011,10.0,10.68663,32.4,53,26,38,44,1,1,0,0,0,0,2,0,4,1
1.220011,10.0,10.61256,32.5,53,26,38,44,1,1,0,0,0,0,2,0,4,1
1.207595,10.0,10.63103,32.5,53,26,38,44,1,1,0,0,0,0,2,0,4,1
1.220011,10.0,10.68663,32.5,52,26,36,42,1,1,0,0,0,0,2,0,4,1
1.225365,10.0,10.41142,32.6,52,25,37,43,1,1,0,0,0,0,2,0,4,1
1.216452,10.0,10.85516,32.6,52,25,37,43,1,1,0,0,0,0,2,0,4,1
1.230739,10.0,10.53898,32.6,52,25,35,41,1,1,0,0,0,0,2,0,4,1
1.220011,10.0,10.59412,32.6,52,23,34,41,1,1,0,0,0,0,2,0,4,1
1.2488,10.0,10.68663,32.6,52,24,36,43,1,1,0,0,0,0,2,0,4,1
1.209362,10.0,10.64953,32.7,51,24,36,43,1,1,0,0,0,0,2,0,4,1
1.227154,10.0,10.68663,32.7,51,24,36,43,1,1,0,0,0,0,2,0,4,1
1.223578,10.0,10.41142,32.7,51,25,36,41,1,1,0,0,0,0,2,0,4,1
1.225365,10.0,10.70523,32.8,51,25,36,41,1,1,0,0,0,0,2,0,4,1
1.2488,10.0,10.41142,32.8,51,24,35,41,1,1,0,0,0,0,2,0,4,1
1.234333,10.0,10.61256,32.8,51,24,35,41,1,1,0,0,0,0,2,0,4,1
1.239742,10.0,10.57571,32.8,51,24,35,41,1,1,0,0,0,0,2,0,4,1
1.227154,10.0,10.57571,32.9,51,24,37,44,1,1,0,0,0,0,2,0,4,1
1.25244,10.0,10.39332,32.9,51,24,37,44,1,1,0,0,0,0,2,0,4,1
1.2488,10.0,10.63103,32.9,51,24,35,41,1,1,0,0,0,0,2,0,4,1
1.230739,10.0,10.85516,32.9,51,23,34,40,1,1,0,0,0,0,2,0,4,1
1.254263,10.0,10.4659,33.0,51,23,36,42,1,1,0,0,0,0,2,0,4,1
1.241549,10.0,10.59412,33.0,51,23,36,42,1,1,0,0,0,0,2,0,4,1
1.241549,10.0,10.37525,33.0,51,25,36,43,1,1,0,0,0,0,2,0,4,1
1.228946,10.0,10.52067,33.1,51,25,36,42,1,1,0,0,0,0,2,0,4,1
1.257916,10.0,10.32123,33.1,51,25,35,40,1,1,0,0,0,0,2,0,4,1
1.246984,10.0,10.33921,33.1,51,23,34,39,1,1,0,0,0,0,2,0,4,1
1.234333,10.0,10.33921,33.1,50,23,34,38,1,1,0,0,0,0,2,0,4,1
1.234333,10.0,10.44771,33.2,50,25,36,41,1,1,0,0,0,0,2,0,4,1
1.25244,10.0,10.39332,33.2,50,23,35,39,1,1,0,0,0,0,2,0,4,1
1.227154,10.0,10.53898,33.2,50,23,35,40,1,1,0,0,0,0,2,0,4,1
1.261579,10.0,10.48413,33.2,50,23,35,40,1,1,0,0,0,0,2,0,4,1
1.25244,10.0,10.30329,33.2,50,24,36,43,1,1,0,0,0,0,2,0,4,1
1.246984,10.0,10.26749,33.3,50,24,36,43,1,1,0,0,0,0,2,0,4,1
1.220011,10.0,10.57571,33.3,50,24,36,43,1,1,0,0,0,0,2,0,4,1
1.24517,10.0,10.33921,33.3,50,23,34,39,1,1,0,0,0,0,2,0,4,1
1.272621,10.0,10.12549,33.3,50,23,34,40,1,1,0,0,0,0,2,0,4,1
1.26525,10.0,10.50238,33.3,50,26,35,41,1,1,0,0,0,0,2,0,4,1
1.26525,10.0,10.07273,33.3,50,26,35,41,1,1,0,0,0,0,2,0,4,1
1.270775,10.0,10.19625,33.3,50,24,34,39,1,1,0,0,0,0,2,0,4,1
1.263413,10.0,10.32123,33.3,50,24,34,39,1,1,0,0,0,0,2,0,4,1
1.26525,10.0,10.17851,33.3,50,24,34,39,1,1,0,0,0,0,2,0,4,1
1.278173,10.0,10.17851,33.3,50,25,34,40,1,1,0,0,0,0,2,0,4,1
1.311931,10.0,9.985395,33.3,50,25,34,39,1,1,0,0,0,0,2,0,4,1
1.293083,10.0,10.28537,33.4,50,25,34,39,1,1,0,0,0,0,2,0,4,1
1.319538,10.0,10.24963,33.4,50,24,34,40,1,1,0,0,0,0,2,0,4,1
1.325268,10.0,10.17851,33.4,50,25,37,43,1,1,0,0,0,0,2,0,4,1
1.334866,10.0,10.0552,33.4,50,25,37,43,1,1,0,0,0,0,2,0,4,1
1.313829,10.0,10.33921,33.4,50,25,37,43,1,1,0,0,0,0,2,0,4,1
1.331019,10.0,10.35722,33.4,50,24,35,41,1,1,0,0,0,0,2,0,4,1
1.35035,10.0,9.933346,33.4,50,24,33,40,1,1,0,0,0,0,2,0,4,1
1.325268,10.0,9.916056,33.4,50,24,33,40,1,1,0,0,0,0,2,0,4,1
1.334866,10.0,9.727764,33.5,50,24,34,40,1,1,0,0,0,0,2,0,4,1
1.338722,10.0,9.76174,33.5,50,25,35,40,1,1,0,0,0,0,2,0,4,1
1.325268,10.0,9.898794,33.5,50,23,34,39,1,1,0,0,0,0,2,0,4,1
1.325268,10.0,9.916056,33.5,49,23,34,40,1,1,0,0,0,0,2,0,4,1
1.329099,10.0,9.950667,33.5,49,25,35,40,1,1,0,0,0,0,2,0,4,1
1.336793,10.0,9.76174,33.5,49,24,37,45,1,1,0,0,0,0,2,0,4,1
1.325268,10.0,10.0028,33.5,49,23,34,38,1,1,0,0,0,0,2,0,4,1
1.336793,10.0,9.778769,33.5,49,23,34,38,1,1,0,0,0,0,2,0,4,1
1.342588,10.0,9.898794,33.5,49,23,34,38,1,1,0,0,0,0,2,0,4,1
1.375849,10.0,10.0028,33.5,49,23,34,38,1,1,0,0,0,0,2,0,4,1
1.381793,10.0,9.916056,33.5,49,23,34,38,1,1,0,0,0,0,2,0,4,1
1.352296,10.0,10.09029,33.5,49,23,35,39,1,1,0,0,0,0,2,0,4,1
1.385768,10.0,9.88156,33.5,49,23,35,40,1,1,0,0,0,0,2,0,4,1
1.375849,10.0,10.28537,33.5,49,23,35,40,1,1,0,0,0,0,2,0,4,1
1.38776,10.0,10.0028,33.6,49,23,35,40,1,1,0,0,0,0,2,0,4,1
1.399763,10.0,10.0028,33.6,49,23,35,40,1,1,0,0,0,0,2,0,4,1
1.399763,10.0,9.812921,33.6,49,23,35,39,1,1,0,0,0,0,2,0,4,1
1.397756,10.0,9.830036,33.6,49,23,34,42,1,1,0,0,0,0,2,0,4,1
1.385768,10.0,9.812921,33.7,49,23,34,42,1,1,0,0,0,0,2,0,4,1
1.422007,10.0,9.898794,33.7,48,23,34,42,1,1,0,0,0,0,2,0,4,1
1.415909,10.0,10.0028,33.7,48,24,35,42,1,1,0,0,0,0,2,0,4,1
1.401772,10.0,9.795832,33.8,48,24,35,42,1,1,0,0,0,0,2,0,4,1
1.397756,10.0,9.916056,33.8,48,24,34,39,1,1,0,0,0,0,2,0,4,1
1.419972,10.0,9.677014,33.8,48,24,34,39,1,1,0,0,0,0,2,0,4,1
1.419972,10.0,9.812921,33.8,48,24,36,40,1,1,0,0,0,0,2,0,4,1
